id_campagna,nome,periodo_attivita,giorni_attivi,modulo_id,modulo_type,form_questions_count,phone_required,intenzione_elevata,budget_giornaliero_eur,spesa_totale_eur,lead_totali,lead_reali,lead_dummy,lead_qualificati,lead_pensionati_fuori_target,quality_rate_pct,cpl_medio_eur,cpl_qualificato_eur,impressions_totali,reach_stimata,frequenza_media,advantage_plus_audience,advantage_plus_placements,manual_placements,citta_target_count,eta_min,eta_max,lingue,objective,bid_strategy,attribution_window,stato_finale,esito_strategico
v1_feb_2502_1535,Modulo senza titolo 25/02/26 15:35,2026-02-25_to_2026-02-27,3,form_2502_1535,Volume_maggiore,3,no,no,sconosciuto,sconosciuto,3,3,0,3,0,100,sconosciuto,sconosciuto,sconosciuto,sconosciuto,sconosciuto,si,si,no,Italia generica,18,65+,Tutte,Contatti,Highest_volume,7d_click_1d_view,Spenta,WINNER_QUALITA_storica - 3/3 qualificati
v1_feb_2502_1448,Modulo Telesales 25/02/26 14:48,2026-02-25_to_2026-02-25,1,form_2502_1448,Volume_maggiore,3,no,no,sconosciuto,sconosciuto,2,0,2,0,0,0,sconosciuto,sconosciuto,sconosciuto,sconosciuto,sconosciuto,si,si,no,Italia generica,18,65+,Tutte,Contatti,Highest_volume,7d_click_1d_view,Spenta,FAIL - solo dummy lead
v2_feb_mar_2702,Modulo senza titolo 27/02/26 10:13,2026-02-27_to_2026-03-09,11,form_2702_1013,Volume_maggiore,3,no,no,sconosciuto,sconosciuto,13,11,2,0,11,0,sconosciuto,N/A,sconosciuto,sconosciuto,sconosciuto,si,si,no,Italia generica,18,65+,Tutte,Contatti,Highest_volume,7d_click_1d_view,Spenta,FAIL_QUALITA - 11 lead 0 qualificati (probabili pensionati)
v3_mar_leadqual,Telesales - Lead Qualificati - Mar2026,2026-03-27_to_2026-03-29,2,form_lead_qual_mar,Volume_maggiore,3,no,no,sconosciuto,sconosciuto,0,0,0,0,0,N/A,N/A,N/A,sconosciuto,sconosciuto,sconosciuto,si,si,no,Italia generica,18,65+,Tutte,Contatti,Highest_volume,7d_click_1d_view,Spenta,FAIL_DELIVERY - 0 lead spesa minima
v4_mar_apr_consulenza,Telesales - Consulenza Gratuita - Mar2026 v2,2026-03-28_to_2026-04-24,28,form_consulenza_mar2026,Volume_maggiore,3,no,no,sconosciuto,sconosciuto,5,5,0,0,5,sconosciuto,N/A,sconosciuto,sconosciuto,sconosciuto,si,si,no,Italia generica,18,65+,Tutte,Contatti,Highest_volume,7d_click_1d_view,Spenta,FAIL_QUALITA - 5 lead 0 qualificati
v5_apr_video_mar2026,Telesales - Lead Qualificati - Video - Mar2026,2026-04-27_to_2026-05-05,9,form_ads30euro,Volume_maggiore,3,no,no,20,157.62,12,9,3,0,4_confermati,0,17.51,N/A,sconosciuto,sconosciuto,sconosciuto,si,si,no,10_citta_top_business,25,65+,Tutte,Contatti,Highest_volume,7d_click_1d_view,Spenta_05mag,PARTIAL_FAIL - 4/4 pensionati confermati - decisione duplicare in Manual
v6_apr_hormozi,SE_LEAD_Telesales_Hormozi_ReelIG_2026-04-23,2026-04-23_to_2026-04-27,5,form_hormozi,Volume_maggiore,3,no,no,30,99.30,4,4,0,0,4_pensionati,0,24.83,N/A,sconosciuto,sconosciuto,sconosciuto,no,no,si_solo_reel_ig,Italia,18,65+,Tutte,Contatti,Manual,7d_click_1d_view,Spenta,FAIL_QUALITA - 4/4 pensionati - reel IG troppo broad
v7_mag_v3_manual,TS_LEADS_v3_Manual_2026-05-02,2026-05-02_to_2026-05-04,3,form_v3_mag,Intenzione_elevata,4,si,si,20,0,1,0,1,0,0,N/A,N/A,N/A,0,0,0,si_hardcoded,si_default,no_voluto,10_citta_top_business,25,65+,Italiano,Contatti,Highest_volume,7d_click_1d_view,Disattivata_04mag,FAIL_SETUP - duplicato contaminato da Advantage+ - decisione ricreare v4 da zero
v8_mag_v4_LIVE,TS_LEADS_v4_Manual_2026-05-04,2026-05-04_to_present,8,form_v4b_mag,Intenzione_elevata,4,si,si,25,180.20,11,11,0,TBD_post_chiamate,TBD,TBD,16.38,TBD,5944_stimate,4500_stimata,1.3_stimata,si_hardcoded,no,si_Feed_FB_IG_Stories_Reels,10_citta_top_business,25,65+,Italiano,Contatti,Highest_volume,7d_click_1d_view,ATTIVA,IN_LEARNING_TRANSITION - CPL in calo da €24 a €12 - top performer cos'e telesales
