id_campagna,nome_ad,formato_creative,hook_categoria,stato,data_attivazione,data_pausa,spesa_eur,impressions,lead,cpl_eur,conv_rate_pct,pct_budget_allocato_dal_meta,quality_score_inferito,verdict,reason_pausa,note_strategiche
v5_apr_video_mar2026,Biliardo_v2,video_16_9,sconosciuto,Spenta_in_v4,2026-04-27,2026-05-05,sconosciuto,sconosciuto,5,23.00,sconosciuto,sconosciuto,medio,WINNER_in_v2,fine_campagna_v2,Performante in v2 - in v4 (con nuovo modulo) 0 lead - audience reagisce diversamente al modulo piu lungo
v5_apr_video_mar2026,Palestra_v2,video_16_9,sconosciuto,Spenta_in_v4,2026-04-27,2026-05-05,sconosciuto,sconosciuto,1,38.00,sconosciuto,sconosciuto,basso,FUNZIONANTE_in_v2,fine_campagna_v2,1 lead a CPL alto - performance marginale anche in v2
v8_mag_v4_LIVE,cos_e_telesales,video_face_to_camera,educational,Attiva,2026-05-04,N/A,126.09,4853,9,14.01,0.19,70_pct,alto,WINNER_VOLUME,N/A,Top performer assoluto - scala su audience ampia - hook educational funziona meglio di pain-driven o feature-driven
v8_mag_v4_LIVE,Leonardo,video_face_to_camera,sconosciuto,Attiva,2026-05-04,N/A,24.56,908,2,12.28,0.22,13_pct,medio_alto,WINNER_EFFICIENZA,N/A,CPL piu basso di cos_e_telesales (€12.28 vs €14.01) ma volume ridotto - audience piu stretta - candidato split in ad set dedicato
v8_mag_v4_LIVE,database,sconosciuto,sconosciuto,Pausata_11mag,2026-05-04,2026-05-11,11.09,377,0,N/A,0.00,6_pct,basso,LOSER,zero_conversioni_dopo_377_imp,Decisione 11mag pausare definitivamente - perso €11
v8_mag_v4_LIVE,telesales_v4,video_face_to_camera,brand_generico,Pausata,2026-05-04,2026-05-06,8.31,290,0,N/A,0.00,4_pct,basso,LOSER,zero_conversioni_dopo_290_imp,Hook troppo brand-centric - confuso con nome campagna - da rifare con angle diverso
v8_mag_v4_LIVE,Biliardo_v4,video_16_9,sconosciuto,Pausata,2026-05-04,2026-05-09,3.83,121,0,N/A,0.00,2_pct,basso,LOSER_in_v4,zero_conversioni_in_v4,In v2 ha fatto 5 lead - in v4 con modulo nuovo 0 - audience reagisce diversamente
v8_mag_v4_LIVE,Palestra_v4,video_16_9,sconosciuto,Pausata,2026-05-04,2026-05-09,2.94,100,0,N/A,0.00,2_pct,basso,LOSER_in_v4,zero_conversioni_in_v4,Performance marginale anche in v2 - in v4 da scartare
v8_mag_v4_LIVE,AI_voice,video_AI_generated,sconosciuto,Pausata,2026-05-04,2026-05-06,3.38,106,0,N/A,0.00,2_pct,basso,LOSER,zero_conversioni_dopo_106_imp,Creative AI-generated non risuona con target B2B - da scartare definitivamente
