Nome,Zona,Indirizzo,Telefono,Fatturato,Sito web,Google Maps,Stato contatto,N° tentativi,Parlato con,Esito chiamata,Data follow-up,Data demo fissata,Qualificazione ,"Note (obiezioni, dettagli, info)"
COOPERATIVA SCARICATORI FIORENTINI,Firenze,"Via Carlo Goldoni, 20","055 8825499
055 8879492",,https://www.traslochiscaricatorifiorentini.com/,,Da chiamare,,,,,,,
FIORENTINA TRASLOCHI,Firenze,"Via Filippo Brunelleschi, 2/A","055 892136
335 293010",,https://www.fiorentinatraslochi.it/,,Da chiamare,,,,,,,
AUTOTRASPORTI E TRASLOCHI GAGLIARDI SNC,Firenze,"Borgo Pinti, 52",055 241325,,http://www.traslochigagliardi.com/,https://www.google.com/maps/search/?api=1&query=Autotrasporti%20e%20Traslochi%20Gagliardi%20Snc&query_place_id=ChIJ32Y1gQVUKhMRw3HuYE7n7Sk,Da chiamare,,,,,,,
TRASLOCHI FIRENZE MILIANI,Firenze,"Via Pietro Maroncelli, 17",335 801 6035,,http://www.traslochifirenze.it/,https://www.google.com/maps/search/?api=1&query=Traslochi%20Firenze%20Miliani&query_place_id=ChIJ5eFQuSxXKhMR314MRs0TqOc,Da chiamare,,,,,,,
TRASLOCHI PRONESTI,Firenze,"Via Siena, 37",335 704 9133,,https://www.traslochipronesti.com/,https://www.google.com/maps/search/?api=1&query=Traslochi%20Pronesti&query_place_id=ChIJUYrEeAxRKhMRFTBB8Cdxqa8,Da chiamare,,,,,,,
TRASLOCHI URGENTE FIRENZE COMETA SRLS,Firenze,"Via Antonio D'Orso, 2",328 892 9828,,https://www.traslochicometafirenze.it/,https://www.google.com/maps/search/?api=1&query=TRASLOCHI%20URGENTE%20FIRENZE%20cometa%20srls&query_place_id=ChIJRRmwaMNVKhMR_2078wTiT_A,Da chiamare,,,,,,,
EUROTRASLOCHI EXPRESS FIRENZE,Firenze,"Via del Campo di Marte, 3r",329 266 6162,,https://www.eurotraslochiexpress.it/,https://www.google.com/maps/search/?api=1&query=Eurotraslochi%20Express%20Firenze&query_place_id=ChIJxThW6lNVKhMRHv-7ffxA-Zs,Da chiamare,,,,,,,
TRASLOCHI NOVOLI FIRENZE,Firenze,"Viale Antonio Gramsci, 18",055 031 7846,,http://traslochinovoli.com/,https://www.google.com/maps/search/?api=1&query=Traslochi%20Novoli%20Firenze&query_place_id=ChIJ44dVTgxUKhMREydLZX6sN_o,Da chiamare,,,,,,,
PALOKA TRASLOCHI,Firenze,"Via Neri di Bicci, 22",324 691 9399,,https://www.palokatraslochi.it/,https://www.google.com/maps/search/?api=1&query=Paloka%20Traslochi&query_place_id=ChIJ9d2HPwFRKhMRFhOW-0nfOQ8,Da chiamare,,,,,,,
ZEUS TRASLOCHI,Firenze,"Via Enrico Guido Bocci, 105",055 412524,,https://www.zeustraslochi.it/,https://www.google.com/maps/search/?api=1&query=Zeus%20Traslochi&query_place_id=ChIJaxyiJIhWKhMROk-qCOfuoxU,Da chiamare,,,,,,,
FEXEL TRASLOCHI E TRASPORTI FIRENZE TOSCANA,Firenze,"Via Amedeo Avogadro, 21",375 552 2210,,http://www.fexel.it/,https://www.google.com/maps/search/?api=1&query=FEXEL%20TRASLOCHI%20e%20TRASPORTI%20Firenze%20Toscana&query_place_id=ChIJX_zrTPDbXQ8RLhf8f4W8FAI,Da chiamare,,,,,,,
LA TOSCANA TRASLOCHI,Firenze,Villa Corbinelli alla Sala,055 713 0060,,,https://www.google.com/maps/search/?api=1&query=La%20Toscana%20Traslochi&query_place_id=ChIJdW1bBmhXKhMRbE_ncqaNeHY,Da chiamare,,,,,,,
SESTINI TRASLOCHI - SST SRL -,Firenze,"Via Pisana, 59",055 229 9858,,http://www.sestinitraslochi.it/,https://www.google.com/maps/search/?api=1&query=Sestini%20Traslochi%20-%20SST%20SRL%20-&query_place_id=ChIJKZ4nEshQKhMRDNUW-ALybeY,Da chiamare,,,,,,,
G&F TRASLOCHI,Firenze,"Piazza Pietro Mascagni, 49",353 352 8961,,,https://www.google.com/maps/search/?api=1&query=G%26F%20Traslochi&query_place_id=ChIJyX4fFKBXKhMRSmP_oRw07LE,Da chiamare,,,,,,,
DANIELE SGOMBERI FIRENZE TRASLOCHI E SGOMBERI FIRENZE,Firenze,"Viale Luigi Gori, 16",373 307 0910,,https://www.danieletraslochiesgomberifirenze.com/,https://www.google.com/maps/search/?api=1&query=Daniele%20Sgomberi%20Firenze%20Traslochi%20e%20Sgomberi%20Firenze&query_place_id=ChIJNQjo3oVXKhMRvLRt0RxBiNQ,Da chiamare,,,,,,,
AB TOSCANA TRASLOCHI,Firenze,Via di Novoli,389 650 6615,,https://abtsctraslochi.mobirisesite.com/,https://www.google.com/maps/search/?api=1&query=AB%20TOSCANA%20TRASLOCHI&query_place_id=ChIJkcXKv3hXKhMR9qVyPDdQfUI,Da chiamare,,,,,,,
TRASLOCHI E TRASPORTI BOCCI FABRIZIO,Firenze,"Via Francesco Paolo Michetti, 3",=+39 055 011 2095,,,https://www.google.com/maps/search/?api=1&query=Traslochi%20e%20Trasporti%20Bocci%20Fabrizio&query_place_id=ChIJ1V9EvNdWKhMRW7yiJcgFHwc,Da chiamare,,,,,,,
COOPERATIVA TRASLOCHI PONTE ROSSO,Firenze,"Via Luigi Bertelli Vamba, 23",=+39 055 473015,,https://www.traslochiponterosso.com/,https://www.google.com/maps/search/?api=1&query=Cooperativa%20Traslochi%20Ponte%20Rosso&query_place_id=ChIJhQbnLYhUKhMRp0S8dFWNUDg,Da chiamare,,,,,,,
TRASLOCHI FIRENZE,Firenze,"Via Michele Amari, 4",=+39 02 9994 8957,,http://ditta-traslochi-firenze.it/,https://www.google.com/maps/search/?api=1&query=Traslochi%20Firenze&query_place_id=ChIJhZiywvpVKhMReDu-hg_odHQ,Da chiamare,,,,,,,
PROFESSIONE TRASLOCHI,Firenze,Via Benedetto Dei,=+39 334 205 9819,,,https://www.google.com/maps/search/?api=1&query=Professione%20Traslochi&query_place_id=ChIJswThIplXKhMRRi3Uc8k7Mho,Da chiamare,,,,,,,
LA FORTEZZA TRASLOCHI,Firenze,"Corso Italia, 2",=+39 055 035 1325,,http://www.lafortezzatraslochi.com/,https://www.google.com/maps/search/?api=1&query=La%20Fortezza%20Traslochi&query_place_id=ChIJ7ff4_rFWKhMR9j-Jb5Nr_B0,Da chiamare,,,,,,,
TRASLOCHI AMATO,Firenze,"Via Annibal Caro, 1/R",=+39 055 700130,,https://www.traslochiamato.it/traslochi-firenze/,https://www.google.com/maps/search/?api=1&query=Traslochi%20Amato&query_place_id=ChIJn3BVLMpWKhMRg_g-dMcrQXg,Da chiamare,,,,,,,
TRASLOCHI SCARICATORI FIORENTINI COOP. COOP. SCARICATORI FIORENTINI A.R.L.,Firenze,"Via Vasco de Gama, 137",=+39 055 882 5499,,https://www.traslochiscaricatorifiorentini.com/,https://www.google.com/maps/search/?api=1&query=Traslochi%20Scaricatori%20Fiorentini%20Coop.%20Coop.%20Scaricatori%20Fiorentini%20A.R.L.&query_place_id=ChIJe5KlPYxWKhMRDmV5aYMIoLg,Da chiamare,,,,,,,
RUSTIGNOLI TRASLOCHI ANTIQUARIATO,Firenze,"Via Matteo Palmieri, 18 r",=+39 375 135 3296,,,https://www.google.com/maps/search/?api=1&query=Rustignoli%20traslochi%20antiquariato&query_place_id=ChIJ5bCgATtVKhMRew2Hx4wBE4Y,Da chiamare,,,,,,,
TRASLOCHI FIRENZE GALARDI,Firenze,"Via Aretina, 348",=+39 338 798 7380,,https://business.google.com/u/1/create,https://www.google.com/maps/search/?api=1&query=Traslochi%20Firenze%20Galardi&query_place_id=ChIJdcSUTnpVKhMRacLE8wp2rnU,Da chiamare,,,,,,,
TRASLOCHI DA MASSIMO DI COZZOLINO MASSIMO,Firenze,"Via Antonio del Pollaiolo, 204",=+39 055 715036,,,https://www.google.com/maps/search/?api=1&query=Traslochi%20Da%20Massimo%20Di%20Cozzolino%20Massimo&query_place_id=ChIJgbH0XytRKhMR4HKLkT1mNiA,Da chiamare,,,,,,,
EUROTRASLOCHI DI MANCINI,Firenze,"6/r v. Galliano, Firenze, FI 50144, Via Gaspare Luigi Spontini, 39",339 3861494,,https://www.eurotraslochifirenze.eu/,https://www.google.com/maps/search/?api=1&query=Eurotraslochi%20Di%20Mancini&query_place_id=ChIJ8ajT9LtWKhMR6tQuspc6an0,Incontro,1,Titolare,Non interessato,11/05/2026,,,Parlare con figliolo che si occupa della parte online
AUTO TRASLOCHI LUNA DI BOCCI STEFANO,Firenze,"Via A. Canova, 25",=+39 055 716263,,,https://www.google.com/maps/search/?api=1&query=Auto%20Traslochi%20Luna%20Di%20Bocci%20Stefano&query_place_id=ChIJ_5spYC5XKhMRiFWB5QtmjQ8,Da chiamare,,,,,,,
TRASLOCO ROSSI,Firenze,"Via Pistoiese, 209/A",,,,https://www.google.com/maps/search/?api=1&query=trasloco%20Rossi&query_place_id=ChIJ8WLZHVJXKhMRd0Vl-PbqBz8,Da chiamare,,,,,,,
TRASLOCHI E TRASPORTI & PULIZIE,Firenze,"Via Aretina, 127",=+39 324 090 3996,,http://damianlga.it/,https://www.google.com/maps/search/?api=1&query=Traslochi%20e%20Trasporti%20%26%20Pulizie&query_place_id=ChIJ6WES3MxVKhMR-uyhbsIhZZM,Da chiamare,,,,,,,
MENARA TRASLOCHI - SGOMBERO - NOLEGGIO PIATTAFORME,Firenze,"Via delle Porte Nuove, 64",=+39 338 209 2428,,https://www.menaratraslochifirenze.com/,https://www.google.com/maps/search/?api=1&query=Menara%20Traslochi%20-%20Sgombero%20-%20Noleggio%20Piattaforme&query_place_id=ChIJcwrPRIlXKhMRODsBHuSkGC8,Chiamato,,Titolare,Richiama,12/05/2026,12/05/2026,,"il titolare si chiama Omar e stanno cambiando sede in questi giorni, passeranno da via delle porte nuove a scandicci. fanno preventivo con sopralluogo e si è mostrato interesato. "
JIMMY TRASLOCHI,Firenze,"Viale Don Giovanni Minzoni, 9r",328 826 6123,,,https://www.google.com/maps/search/?api=1&query=Jimmy%20Traslochi&query_place_id=ChIJZ9xqBABVKhMRB8TMi7BC8d0,Chiamato,,Titolare,Interessato,15/05/2026,,,"il titolare Jimmi si è mostrato interessato, ma quello che si occupa dei preventivi è attualmente infortunato e tornerà tra 2 mesi. ho chiesto se era possibile fissare una videochiamata ma è anziano e impossibilitato"
FROSECCHI LOGISTICA TRASLOCHI & TRASPORTI,Firenze,"Via Giuseppe di Vittorio, 48",=+39 055 324 9303,,https://frosecchi.com/,https://www.google.com/maps/search/?api=1&query=Frosecchi%20Logistica%20Traslochi%20%26%20Trasporti&query_place_id=ChIJS5UwfwBXKhMRLvqyeUh2Ya4,Da chiamare,,,,,,,
LEONTRASLOCHI,Firenze,"Via di Ripoli, 11",=+39 388 787 4445,,,https://www.google.com/maps/search/?api=1&query=Leontraslochi&query_place_id=ChIJxyJeCf5TKhMRt6UAM0KX8tI,Da chiamare,,,,,,,
TRASLOCHI FACILE FIRENZE,Firenze,"P.za della Libertà, 82",=+39 329 266 6162,,,https://www.google.com/maps/search/?api=1&query=Traslochi%20Facile%20Firenze&query_place_id=ChIJwRyTMU1VKhMRrl8SrxWTByg,Da chiamare,,,,,,,
ARES TRASLOCHI SRL,Firenze,"Via Giannotto Bastianelli, 14",=+39 351 680 9073,,,https://www.google.com/maps/search/?api=1&query=ARES%20TRASLOCHI%20SRL&query_place_id=ChIJiZIZW9pXKhMRmDIqqUIKGf8,Da chiamare,,,,,,,
LA FORTEZZA TRASLOCHI SRL,Firenze,"Lungarno degli Acciaiuoli, 10",=+39 055 238 1095,,,https://www.google.com/maps/search/?api=1&query=La%20Fortezza%20Traslochi%20Srl&query_place_id=ChIJHV8vHABUKhMRX30TD0nqKTg,Da chiamare,,,,,,,
TAU IONEL TEOFIL SERVIZIO DI TRASLOCHI TRASPORTI E SGOMBERI,Firenze,"Via Guido Alessi, 2",=+39 347 520 9552,,https://tau-ionel-teofil.com/,https://www.google.com/maps/search/?api=1&query=Tau%20Ionel%20Teofil%20Servizio%20Di%20Traslochi%20Trasporti%20E%20Sgomberi&query_place_id=ChIJK6ZSDS5XKhMRAyizaNf0-X4,Da chiamare,,,,,,,
TRASLOCHI PONTE ROSSO,Firenze,"Via del Ponte Rosso, 55/R",=+39 055 473015,,https://www.traslochiponterosso.com/,https://www.google.com/maps/search/?api=1&query=Traslochi%20Ponte%20Rosso&query_place_id=ChIJNWx-cxhUKhMRlKvXCxReyqI,Da chiamare,,,,,,,
PALOKA TRASLOCHI,Firenze,"Via Ottavio Rinuccini, 27/G",=+39 342 129 7705,,https://palokatraslochi.it/?utm_source=gmb&utm_medium=referral,https://www.google.com/maps/search/?api=1&query=Paloka%20Traslochi&query_place_id=ChIJm1RwLchRKhMRYzV_ARADLbU,Da chiamare,,,,,,,
TRASLOCHI E TRASPORTI F01,Firenze,"Via Giovanni Costetti, 48",=+39 338 886 4009,,https://www.traslochif01.it/,https://www.google.com/maps/search/?api=1&query=Traslochi%20e%20trasporti%20F01&query_place_id=ChIJ8Uvau5tXKhMRtUG_TVr3PDw,Da chiamare,,,,,,,
DM TRASLOCHI FIRENZE,Firenze,"Via Lucca, 42",=+39 388 991 1119,,https://www.dm-traslochi-firenze.it/,https://www.google.com/maps/search/?api=1&query=DM%20Traslochi%20Firenze&query_place_id=ChIJW_u6xCFMMYoRswWREH6-hGY,Da chiamare,,,,,,,
TRASLOCHI DIMA,Firenze,"Viale Don Giovanni Minzoni, 9",=+39 370 157 9642,,,https://www.google.com/maps/search/?api=1&query=Traslochi%20Dima&query_place_id=ChIJjWKR99pVKhMRyTW3Uk4AOyA,Da chiamare,,,,,,,
CARPE DIEM TRASLOCHI FIRENZE DI FRANCESCO RABBITI,Firenze,"V. Baccio da Montelupo, 40/E",=+39 338 470 7607,,,https://www.google.com/maps/search/?api=1&query=Carpe%20Diem%20Traslochi%20Firenze%20Di%20Francesco%20Rabbiti&query_place_id=ChIJ523cmNVQKhMRNOzrQLDMiiE,Da chiamare,,,,,,,
TRASLOCHI LA QUERCE,Firenze,"Viale Manfredo Fanti, 7/g",=+39 055 588716,,,https://www.google.com/maps/search/?api=1&query=Traslochi%20La%20Querce&query_place_id=ChIJ-y7_4mtUKhMRulU90UjNx-Q,Chiamato,,Titolare,Non interessato,,,,ha gia provato a configurare preventivi online in passato ma non si è trovato
A B I TRASLOCHI FIRENZE MILIANI & MILIO STORAGE FIRENZE,Firenze,"Via Bronzino, 38, Via delle Porte Nuove, 30",=+39 335 801 6035,,http://traslochifirenze.it/,https://www.google.com/maps/search/?api=1&query=A%20B%20I%20Traslochi%20Firenze%20Miliani%20%26%20MILIO%20STORAGE%20FIRENZE&query_place_id=ChIJ2bmIpgNXKhMR3FhaMgLymbA,Da chiamare,,,,,,,
A.B.I. TRASLOCHI FIRENZE MILIANI,Firenze,"Via di S. Bartolo a Cintoia, 4",=+39 335 801 6035,,http://www.traslochifirenze.it/,https://www.google.com/maps/search/?api=1&query=A.b.i.%20TRASLOCHI%20FIRENZE%20MILIANI&query_place_id=ChIJ2fyGXzFXKhMRejEP8xKHWjk,Da chiamare,,,,,,,
TRASLOCHI ZORRO FIRENZE,Firenze,"Via Volterrana, 9",=+39 320 802 7327,,https://www.traslochizorro.it/,https://www.google.com/maps/search/?api=1&query=Traslochi%20Zorro%20Firenze&query_place_id=ChIJlTGvZCZpKhMR9nQCAJTzX-E,Da chiamare,,,,,,,
TRASLOCHI PERFETTI DI CIUFFI E DESSI' SNC,Firenze,"Via Giovan Filippo Mariti, 9","393 963 5497
393 9910124",,http://www.traslochiperfetti.it/,https://www.google.com/maps/search/?api=1&query=Traslochi%20Perfetti%20Di%20Ciuffi%20E%20Dessi'%20Snc&query_place_id=ChIJZx2xy5VWKhMRZyysE83urT4,Da chiamare,,,,,,,
ELBA TRASLOCHI,Poggio,"LOCALITA' CASTORMO, 1",=+39 335 662 3739,,https://www.elbatraslochi.it/,https://www.google.com/maps/search/?api=1&query=Elba%20Traslochi&query_place_id=ChIJ_TReIJxO1hIRqm3Sxy7LOEk,Da chiamare,,,,,,,
ELBA TRASLOCHI DI FABIO MURZI,Poggio,"Via Ulisse Leoni, 2",=+39 335 662 3739,,http://www.elbatraslochi.it/,https://www.google.com/maps/search/?api=1&query=Elba%20Traslochi%20Di%20Fabio%20Murzi&query_place_id=ChIJy_fw7-pL1hIRtWmE8HznVd4,Da chiamare,,,,,,,
SM TRASPORTI E TRASLOCHI FIRENZE,Fiesole,"Via del Olmo, 3",=+39 334 282 0656,,,https://www.google.com/maps/search/?api=1&query=SM%20trasporti%20e%20traslochi%20Firenze&query_place_id=ChIJn01YDrP_KhMRbdKWmcI9pWc,Da chiamare,,,,,,,
COOPERATIVA TRASLOCHI GIGA SOC. COOP. A R.L.,Scandicci,"Via Alessandro Manzoni, 40",=+39 055 250873,,,https://www.google.com/maps/search/?api=1&query=Cooperativa%20Traslochi%20Giga%20Soc.%20Coop.%20A%20R.L.&query_place_id=ChIJw28cwupQKhMREcLKcWxz4FA,Da chiamare,,,,,,,
PRONTOSERVIZI TRASLOCHI SCANDICCI,Scandicci,"Via Gaetano Salvemini, 4",=+39 055 780760,,https://www.traslochimiliani.it/,https://www.google.com/maps/search/?api=1&query=Prontoservizi%20traslochi%20Scandicci&query_place_id=ChIJcbRFSElRKhMRZhdZDHR9blE,Da chiamare,,,,,,,
TRASLOCHI NOVOLI DI MAURIZIO ROSSI,Scandicci,"V. Baccio da Montelupo, 10B",=+39 335 163 6648,,Traslochinovoli,https://www.google.com/maps/search/?api=1&query=Traslochi%20novoli%20di%20maurizio%20rossi&query_place_id=ChIJe3sZ8WZRKhMRtq4Lqx6nTuA,Da chiamare,,,,,,,
ENEA TRASLOCHI E SGOMBERI,Scandicci,"Via Pisana, 662",=+39 371 493 1763,,https://www.eneatraslochiesgomberi.it/,https://www.google.com/maps/search/?api=1&query=Enea%20Traslochi%20e%20Sgomberi&query_place_id=ChIJ569OlAFRKhMR5A2HESgIQo0,Da chiamare,,,,,,,
TRASLOCHI NIMI,Grassina,"Via A. Meucci, 9",=+39 055 641388,,https://www.traslochinimi.com/,https://www.google.com/maps/search/?api=1&query=Traslochi%20NIMI&query_place_id=ChIJdepMkKhTKhMRPVfwm8W-x1o,Da chiamare,,,,,,,
LABRADOR TRASLOCHI SRL,Sesto Fiorentino,"Via A. Gramsci, 259",=+39 055 896 6085,,,https://www.google.com/maps/search/?api=1&query=Labrador%20Traslochi%20Srl&query_place_id=ChIJA2pHKM9XKhMRl2tHiAjfWRQ,Da chiamare,,,,,,,
TRASLOCHI FIRENZE COMETA SRLS 24,San Donnino,"Via Trento, 446",=+39 329 454 0460,,,https://www.google.com/maps/search/?api=1&query=TRASLOCHI%20FIRENZE%20COMETA%20SRLS%2024&query_place_id=ChIJ0fjWI15ZKhMR1TYvsdlOvvk,Da chiamare,,,,,,,
MICHELANGELO ARREDAMENTI E TRASLOCHI FIRENZE,San Donnino,"Via Erbosa, 66",=+39 329 393 3786,,https://michelangelotraslochi.it/,https://www.google.com/maps/search/?api=1&query=Michelangelo%20Arredamenti%20e%20Traslochi%20Firenze&query_place_id=ChIJkz2BoilZKhMRuyAV9yGem-A,Da chiamare,,,,,,,
TRASLOCHI FRASSI LOCALI & INTERNAZIONALI,Cascine Nuove,"Località Cascine Nuove, 11",=+39 327 131 7952,,https://www.frassitraslochi.it/,https://www.google.com/maps/search/?api=1&query=Traslochi%20Frassi%20Locali%20%26%20Internazionali&query_place_id=ChIJ570_6wyV1RIRm2tvkXkOOKc,Da chiamare,,,,,,,
DALMAZIA TRASLOCHI,Campi Bisenzio,"Via Filippo Brunelleschi, 2",=+39 055 892136,,,https://www.google.com/maps/search/?api=1&query=Dalmazia%20Traslochi&query_place_id=ChIJQel2v3xYKhMRXeWDxrf1jDY,Da chiamare,,,,,,,
FIORENTINA TRASLOCHI,Campi Bisenzio,"Via Filippo Brunelleschi, 2/A",=+39 055 892136,,http://www.fiorentinatraslochi.it/,https://www.google.com/maps/search/?api=1&query=Fiorentina%20Traslochi&query_place_id=ChIJQel2v3xYKhMRplrZBUSwrBU,Da chiamare,,,,,,,
ABI TRASLOCHI E STORAGE FIRENZE MILIANI,Lastra a Signa,"Via dei Ceramisti, 4/6",=+39 335 801 6035,,http://www.traslochifirenze.it/,https://www.google.com/maps/search/?api=1&query=ABI%20TRASLOCHI%20e%20STORAGE%20FIRENZE%20MILIANI&query_place_id=ChIJha1J8iZbKhMRw2YniUp-KlI,Da chiamare,,,,,,,
TRASLOCHI E SGOMBERI FIRENZE TOSCABOX,Lastra a Signa,"Via Romania, 5d",=+39 351 941 7579,,https://www.toscabox.com/,https://www.google.com/maps/search/?api=1&query=Traslochi%20e%20Sgomberi%20Firenze%20toscaBox&query_place_id=ChIJlQKCM-OPwAURekCDxTNaHzU,Da chiamare,,,,,,,
KAMAL TRASLOCHI & SGOMBERI,Signa,"Via S. Lorenzo, 8",=+39 371 636 7507,,https://kamaltraslochi.online/,https://www.google.com/maps/search/?api=1&query=Kamal%20Traslochi%20%26%20Sgomberi&query_place_id=ChIJNU0aC-H33aARm-I4npxKyGo,Da chiamare,,,,,,,
HAD TRASLOCHI,Calenzano,"Via Erbosa, 23",=+39 329 588 9174,,https://hadtraslochi.it/,https://www.google.com/maps/search/?api=1&query=HAD%20TRASLOCHI&query_place_id=ChIJ8XdfRVZZKhMRS8bqKWRMoXI,Da chiamare,,,,,,,
TRASPORTI TRASLOCHI SGOMBRI,Prato,,=+39 333 880 5868,,,https://www.google.com/maps/search/?api=1&query=Trasporti%20Traslochi%20Sgombri&query_place_id=ChIJnXrKXwD3KhMRxS229B15Txk,Da chiamare,,,,,,,
PICCHI TRASLOCHI,Prato,"Via Firenze, 74/E",=+39 393 136 8588,,https://www.picchitraslochi.com/,https://www.google.com/maps/search/?api=1&query=Picchi%20Traslochi&query_place_id=ChIJbTlRtav3KhMR2UTfRq_XZFQ,Da chiamare,,,,,,,
LA TOSCANA TRASLOCHI,Prato,"Via Gaddi Agnolo, 25",=+39 0574 562877,,,https://www.google.com/maps/search/?api=1&query=La%20Toscana%20Traslochi&query_place_id=ChIJ6_wBzzb2KhMRF37IaOeN8dQ,Da chiamare,,,,,,,
TRASLOCHI D.F.F.,Prato,"Via Tirso, 13",=+39 0574 691337,,https://www.traslochidff.it/,https://www.google.com/maps/search/?api=1&query=Traslochi%20D.F.F.&query_place_id=ChIJhWm9QYr2KhMR3h5EX6DPilM,Da chiamare,,,,,,,
LISUSS TRASLOCHI,Prato,,,,,https://www.google.com/maps/search/?api=1&query=LISUSS%20TRASLOCHI&query_place_id=ChIJ3RX6YQD3KhMRcjQIXS8LbtM,Da chiamare,,,,,,,
TS TRASLOCHI A360 PRATO,Prato,"Via del Mandorlo, 20",=+39 348 729 3664,,https://tstraslochi.com/,https://www.google.com/maps/search/?api=1&query=Ts%20Traslochi%20A360%20Prato&query_place_id=ChIJjyaEAQD3KhMRhsD2QOrkzCs,Da chiamare,,,,,,,
GIGLIO TRASLOCHI,Prato,"Via del Molinuzzo, 81-77",=+39 055 888 6821,,https://www.gigliotraslochi.it/,https://www.google.com/maps/search/?api=1&query=Giglio%20Traslochi&query_place_id=ChIJHXQWc09fKhMRsPt-d4sgbJk,Da chiamare,,,,,,,
TRASLOCHI FRATINI BRUNO,Prato,"Via Giovanni Bertini, 3",=+39 0574 727266,,https://fratinibruno.it/,https://www.google.com/maps/search/?api=1&query=Traslochi%20FRATINI%20BRUNO&query_place_id=ChIJv14ryDr2KhMRJTHQ8HReaB0,Da chiamare,,,,,,,
TRASPORTI E TRASLOCHI ANGIOLI,Empoli,"Via Livornese, 246",=+39 0571 931302,,https://www.trasportiangioli.it/,https://www.google.com/maps/search/?api=1&query=Trasporti%20e%20Traslochi%20Angioli&query_place_id=ChIJE-__HXBpKhMREk-FHzABatM,Da chiamare,,,,,,,
TRASLOCHI PACICARD SNC,Empoli,"Via Maestri del Lavoro, 17",=+39 0571 590278,,,https://www.google.com/maps/search/?api=1&query=Traslochi%20Pacicard%20Snc&query_place_id=ChIJQa_n6otnKhMRfhDycl3BqLQ,Da chiamare,,,,,,,
TRASLOCHI TOSCANA 24ORE EMPOLI TRASLOCHI,Empoli,"Via della Repubblica, 41",=+39 329 454 0460,,,https://www.google.com/maps/search/?api=1&query=Traslochi%20Toscana%2024ore%20Empoli%20traslochi&query_place_id=ChIJ1_ZuQKdpKhMRuiBVOA-1giE,Da chiamare,,,,,,,
VITICCHI TRASLOCHI,San Giovanni Valdarno,"Via Ubaldino Peruzzi, 15",,,,https://www.google.com/maps/search/?api=1&query=Viticchi%20Traslochi&query_place_id=ChIJJ9gIM-y5KxMRKvkP8zNtrKk,Da chiamare,,,,,,,
TRASLOCHI VALERIO TOSI,Pistoia,"Via Eugenio Montale, 191",=+39 0573 451574,,https://www.traslochivaleriotosi.com/,https://www.google.com/maps/search/?api=1&query=Traslochi%20Valerio%20Tosi&query_place_id=ChIJxfT1-AeLKhMR7Zd9SmDpRD4,Da chiamare,,,,,,,
TRASLOCHI BARTOLINI,Pistoia,"Via Pagliucola, 77",=+39 0573 364091,,https://www.traslochibartolini.com/,https://www.google.com/maps/search/?api=1&query=Traslochi%20Bartolini&query_place_id=ChIJ--Hkf5GLKhMRzoby4sMDpn8,Da chiamare,,,,,,,
TRASLOCHI POLI VALERIO,Pistoia,"Via Buonfanti, 50",=+39 0573 21684,,https://www.facebook.com/mobilivintagepoli?fref=ts,https://www.google.com/maps/search/?api=1&query=Traslochi%20Poli%20Valerio&query_place_id=ChIJzxnBcJaLKhMRbmrJQdXlIu8,Da chiamare,,,,,,,
TRASLOCHI PERTICI DI FRANCO PERTICI,San Miniato,"Via dei Prati, 24",=+39 339 723 0585,,,https://www.google.com/maps/search/?api=1&query=Traslochi%20Pertici%20di%20Franco%20Pertici&query_place_id=ChIJwWsEiQJvKhMRk_L8NxzVVEc,Da chiamare,,,,,,,
TRASLOCHI BM,San Miniato,"Via Tosco Romagnola Est, 996",=+39 333 326 5795,,http://traslochibm.it/,https://www.google.com/maps/search/?api=1&query=Traslochi%20BM&query_place_id=ChIJ0bYq9d9uKhMRKmhMpeCyGL4,Da chiamare,,,,,,,
TRASLOCHI ROSELLINI FABIO ROSELLINI,Monsummano Terme,"Via del Riposo, 19",=+39 393 175 3688,,http://traslochirosellini.com/,https://www.google.com/maps/search/?api=1&query=Traslochi%20Rosellini%20Fabio%20Rosellini&query_place_id=ChIJc659R79iKhMRBsMgyOGTO3Q,Da chiamare,,,,,,,
TRASLOCHI F.LLI FABBRINI,Montevarchi,"Via Sante Tani, 22",=+39 335 752 4690,,https://www.traslochivaldarno.com/,https://www.google.com/maps/search/?api=1&query=TRASLOCHI%20F.LLI%20FABBRINI&query_place_id=ChIJGUwfs1-4KxMRszL-w6OUCZw,Da chiamare,,,,,,,
TRASLOCHI GIROLAMI,Montevarchi,"Via Soldani Massimiliano, 1",=+39 055 910 2081,,https://www.traslochigirolami.com/,https://www.google.com/maps/search/?api=1&query=Traslochi%20Girolami&query_place_id=ChIJw3yUMVy4KxMRXg_2xSK9WrI,Da chiamare,,,,,,,
COZZOLINO TRASPORTI E TRASLOCHI,Campo Tizzoro,,,,,https://www.google.com/maps/search/?api=1&query=Cozzolino%20Trasporti%20e%20Traslochi&query_place_id=ChIJnw-nUtyRKhMRcvyNwDpvtYs,Da chiamare,,,,,,,
TRASLOCHI M.T.,Pieve A Nievole,"Via Calamandrei, 17",=+39 335 803 0761,,https://www.traslochi-mt.com/,https://www.google.com/maps/search/?api=1&query=Traslochi%20M.T.&query_place_id=ChIJG47WKuljKhMRAV2ZCQrb38E,Da chiamare,,,,,,,
TRASLOCHI LEONARDO S.R.L.S,Santa Croce sull'Arno,"Via Cristiano Banti, 2",=+39 0571 507764,,https://www.traslochileonardo.it/,https://www.google.com/maps/search/?api=1&query=Traslochi%20Leonardo%20s.r.l.s&query_place_id=ChIJUxHnjrFvKhMRauhHlnVXyKg,Da chiamare,,,,,,,
"PICCOLI TRASLOCHI, SGOMBERI SIENA",Colle di Val d'Elsa,Via di Spugna,=+39 331 884 9236,,,https://www.google.com/maps/search/?api=1&query=piccoli%20traslochi%2C%20sgomberi%20siena&query_place_id=ChIJPbgF7Qk7KhMReFalomz_yXM,Da chiamare,,,,,,,
TRASLOCHI TRITI - MONTECATINI TERME,Montecatini Terme,"Via Andrea Bacci, 11",=+39 348 338 3382,,https://www.traslochitriti.it/,https://www.google.com/maps/search/?api=1&query=Traslochi%20Triti%20-%20Montecatini%20Terme&query_place_id=ChIJ_UnCMUl9KhMRcZduZH1lrxw,Da chiamare,,,,,,,
FAZZINI TRASLOCHI - MONTECATINI TERME,Montecatini Terme,"Via Nazario Sauro, 22",=+39 0572 904472,,https://www.fazzinitraslochi.it/?utm_source=google&utm_medium=organic&utm_campaign=gbp,https://www.google.com/maps/search/?api=1&query=Fazzini%20Traslochi%20-%20Montecatini%20Terme&query_place_id=ChIJQ_CXd2h9KhMRrVzESjHjMNo,Da chiamare,,,,,,,
TRASLOCHI MANCINI DI MANCINI MICHELE,Castelfranco di Sotto,"Via delle Fontine, 35",=+39 342 173 1309,,,https://www.google.com/maps/search/?api=1&query=Traslochi%20Mancini%20Di%20Mancini%20Michele&query_place_id=ChIJB0dPC7l5KhMRl6dr-33rddg,Da chiamare,,,,,,,
TRASLOCHI LEONARDO S.R.L.S,Castelfranco di Sotto,"Via Provinciale Francesca Nord, 195",,,,https://www.google.com/maps/search/?api=1&query=Traslochi%20Leonardo%20S.r.l.s&query_place_id=ChIJ2yXp4FJwKhMRv7XfhEC9O4I,Da chiamare,,,,,,,
TRASLOCHI DI PIETRO,Monteriggioni,"Via Giovanni XXIII, 12",=+39 333 178 0117,,,https://www.google.com/maps/search/?api=1&query=Traslochi%20di%20Pietro&query_place_id=ChIJOwED0HgtKhMR5Uy2xNH23Iw,Da chiamare,,,,,,,
TRASLOCHI FOCOSI,Borgo A Buggiano,"Via Francesco Petrarca, 24",=+39 334 155 2278,,,https://www.google.com/maps/search/?api=1&query=Traslochi%20Focosi&query_place_id=ChIJG0nfZ8B9KhMRYMWK1sMTju8,Da chiamare,,,,,,,
SGOMBERI TRASLOCHI DISPONIBILE CAMION CON SPONDA,Altopascio,Località Chimenti 35,=+39 366 497 6271,,,https://www.google.com/maps/search/?api=1&query=Sgomberi%20traslochi%20disponibile%20camion%20con%20sponda&query_place_id=ChIJ267DKGV5KhMRnl_bi5LiELQ,Da chiamare,,,,,,,
TRASLOCHI TRITI - PESCIA PISTOIA,Pescia,"Via Rocconi, 15",=+39 348 338 3382,,https://www.traslochitriti.it/traslochi-pescia/,https://www.google.com/maps/search/?api=1&query=Traslochi%20Triti%20-%20Pescia%20Pistoia&query_place_id=ChIJrQRbY-h_KhMRJNp-h_yHOQg,Da chiamare,,,,,,,
TERZINO TRASLOCHI-AUTOTRASPORTI-SGOMBERI SIENA,Siena,"Via del Sole, 29",=+39 370 324 6810,,https://www.terzinotraslochi.com/,https://www.google.com/maps/search/?api=1&query=TERZINO%20TRASLOCHI-AUTOTRASPORTI-SGOMBERI%20SIENA&query_place_id=ChIJ15Cht1A_RmgRy4YPIu3Hqiw,Da chiamare,,,,,,,
FORMICHINI TRASLOCHI . TRASPORTI E SGOMBERI SIENA POGGIBONSI SINALUNGA AREZZO FIRENZE,Siena,Via Camollia,=+39 327 806 6001,,https://www.formichinitrasporti.it/,https://www.google.com/maps/search/?api=1&query=FORMICHINI%20TRASLOCHI%20.%20TRASPORTI%20E%20SGOMBERI%20siena%20Poggibonsi%20Sinalunga%20Arezzo%20Firenze&query_place_id=ChIJj__-nXw9H6wRWxHWKAeou0E,Da chiamare,,,,,,,
FONTANA TRASLOCHI,Ponte Singerna,"Via Ponte Singerna, 165",=+39 348 730 0302,,http://www.fontanatraslochi.com/,https://www.google.com/maps/search/?api=1&query=Fontana%20Traslochi&query_place_id=ChIJwbXCbmaGKxMRrq1drbgxOL0,Da chiamare,,,,,,,
FRASSI TRASLOCHI,Pontedera,"Via Girolamo Savonarola, 26",=+39 327 131 7952,,https://www.frassitraslochi.it/,https://www.google.com/maps/search/?api=1&query=Frassi%20Traslochi&query_place_id=ChIJ8RDKGaJ1KhMR68PI7lEUopE,Da chiamare,,,,,,,
TRASLOCHI E TRASPORTI YOUSSEF HAMMOU,Pontedera,"Via del Fosso Vecchio, 61",=+39 347 796 7638,,,https://www.google.com/maps/search/?api=1&query=Traslochi%20e%20Trasporti%20Youssef%20Hammou&query_place_id=ChIJ1cFESyZ1KhMRtHT-6lmnn7Y,Da chiamare,,,,,,,
GLOBAL SERVICE TRASLOCHI A PISA,Pontedera,"Via Roma, 60",=+39 393 066 5600,,,https://www.google.com/maps/search/?api=1&query=Global%20Service%20Traslochi%20a%20Pisa&query_place_id=ChIJsdQvkO51KhMRq0kHcEwA0yo,Da chiamare,,,,,,,
TOTAL MOVE TRASLOCHI E SERVIZI,Pontedera,"Corso G. Matteotti, 146",=+39 342 803 2012,,https://totalmove.it/,https://www.google.com/maps/search/?api=1&query=Total%20Move%20Traslochi%20e%20Servizi&query_place_id=ChIJF-C5OtSR1RIR1568c6dB1jg,Da chiamare,,,,,,,
SDL TRASLOCHI E MONTAGGIO,Bientina,"Via S. Giovanni Bosco, 1",=+39 380 260 7283,,,https://www.google.com/maps/search/?api=1&query=SDL%20traslochi%20e%20montaggio&query_place_id=ChIJxcZyZ-d3KhMR6nH24QcKdeo,Da chiamare,,,,,,,
PISA TRASLOCHI - C.H SERVICE,Calcinaia,"via Yuri Gagarin, 3",=+39 320 862 5204,,https://www.pisatraslochi.it/,https://www.google.com/maps/search/?api=1&query=Pisa%20Traslochi%20-%20C.H%20Service&query_place_id=ChIJYbnIEQCL1RIRBsMlQXtFS_I,Da chiamare,,,,,,,
TRASLOCHI FIUME,Calcinaia,"Via di Mezzo, 43",=+39 0587 356749,,,https://www.google.com/maps/search/?api=1&query=traslochi%20fiume&query_place_id=ChIJl5cA4Kt3KhMRDUCvLW1jGPM,Da chiamare,,,,,,,
TREMOLANTI LO STORE ARREDAMENTO E TRASLOCHI,Calcinaia,"V. del Tiglio, 227/a",=+39 328 650 7070,,https://www.facebook.com/Tremolanti,https://www.google.com/maps/search/?api=1&query=Tremolanti%20Lo%20Store%20Arredamento%20e%20Traslochi&query_place_id=ChIJR3NMPtiJ1RIRBIjdRhF3PGU,Da chiamare,,,,,,,
MOBILSERVICETRASLOCHI SRL PISA,Ponsacco,"Via Torino, 22",=+39 800 882 482,,http://mobilservicetraslochi.it/,https://www.google.com/maps/search/?api=1&query=Mobilservicetraslochi%20srl%20Pisa&query_place_id=ChIJ40LUHiN1KhMRzFy95GLxC3g,Da chiamare,,,,,,,
AUTOTRASPORTI TRASLOCHI C. P. 2000 DI CIAPPI LUCIANO,Ponsacco,"Via Salvatore Quasimodo, 12",=+39 0587 730136,,,https://www.google.com/maps/search/?api=1&query=Autotrasporti%20Traslochi%20C.%20P.%202000%20Di%20Ciappi%20Luciano&query_place_id=ChIJ7cT8Dlp1KhMRvS6sYwfIG7Q,Da chiamare,,,,,,,
TRASLOCHI IURI PISA,Ponsacco,"Via Giovanni da Verazzano, 22",=+39 366 120 0226,,http://www.traslochiiuripisa.it/,https://www.google.com/maps/search/?api=1&query=Traslochi%20Iuri%20Pisa&query_place_id=ChIJj0xwjgyL1RIRDzEz0WCLc4E,Da chiamare,,,,,,,
TRASLOCHI 90 FIRENZE,San Mauro,a,=+39 348 462 0694,,,https://www.google.com/maps/search/?api=1&query=Traslochi%2090%20Firenze&query_place_id=ChIJwT9IKI9ZKhMRDJtKHy5x3BU,Da chiamare,,,,,,,
TRASLOCHI STAGNO,Vicopisano,"Via Milano, 5",=+39 347 579 2250,,,https://www.google.com/maps/search/?api=1&query=Traslochi%20Stagno&query_place_id=ChIJSRSYeQ2J1RIRUf69TEDzxtw,Da chiamare,,,,,,,
BS TRASLOCHI STAGNO,Vicopisano,"Via Milano, 7",,,,https://www.google.com/maps/search/?api=1&query=Bs%20Traslochi%20Stagno&query_place_id=ChIJGyudQMGJ1RIRMGAFRNzDfic,Da chiamare,,,,,,,
TRASLOCHI TRITI,Capannori,"Via Gheghi, 23",=+39 0583 927945,,https://www.traslochitriti.it/,https://www.google.com/maps/search/?api=1&query=Traslochi%20Triti&query_place_id=ChIJQwPtZleA1RIRSxmpdlD0PzU,Da chiamare,,,,,,,
"TUTTOTRASLOCHI - TRASLOCHI LUCCA, PISA, LIVORNO, PRATO E FIRENZE",Capannori,"Via di Vorno, 9E",=+39 0583 180 8184,,https://www.tuttotraslochi.it/,https://www.google.com/maps/search/?api=1&query=TuttoTraslochi%20-%20Traslochi%20Lucca%2C%20Pisa%2C%20Livorno%2C%20Prato%20e%20Firenze&query_place_id=ChIJdZrZpUeD1RIRjyuswG1B4CE,Da chiamare,,,,,,,
FAZZINI TRASLOCHI,Capannori,"Via dei Boschi, 95",=+39 0583 462213,,https://www.fazzinitraslochi.it/,https://www.google.com/maps/search/?api=1&query=Fazzini%20Traslochi&query_place_id=ChIJY5A6uQWE1RIR-N9IfdUMBQY,Da chiamare,,,,,,,
AURELIA TRASLOCHI SNC DI MARANGONI M. E MOSCA E.,Capannori,"56 Via Del Marginone, Pieve San Paolo, LU 55012",,,,https://www.google.com/maps/search/?api=1&query=Aurelia%20Traslochi%20Snc%20Di%20Marangoni%20M.%20E%20Mosca%20E.&query_place_id=ChIJD46RGk2B1RIRgRMsPFlJarI,Da chiamare,,,,,,,
CHADID TRASLOCHI & SGOMBERI & TRASPORTI PISA,Cascina,"Via Sirio Moggi, 183",=+39 324 685 4640,,,https://www.google.com/maps/search/?api=1&query=CHADID%20Traslochi%20%26%20Sgomberi%20%26%20Trasporti%20Pisa&query_place_id=ChIJnQGWuU6L1RIRO0YYTh4CRT0,Da chiamare,,,,,,,
ECOTRASLOCHI,Cascina,"Via Antonio Pieroni, 36",=+39 328 893 6560,,,https://www.google.com/maps/search/?api=1&query=Ecotraslochi&query_place_id=ChIJtwvCzOSN1RIRgqrSVeU-7ik,Da chiamare,,,,,,,
TRASLOCHI C & D TRASLOCHI C. & D.,Cascina,"Via L. Tenco, 73",=+39 347 351 9440,,,https://www.google.com/maps/search/?api=1&query=Traslochi%20C%20%26%20D%20Traslochi%20C.%20%26%20D.&query_place_id=ChIJOYgyx4GO1RIRgAvPPljzT9o,Da chiamare,,,,,,,
FRASSI TRASLOCHI,Cascina,,,,,https://www.google.com/maps/search/?api=1&query=FRASSI%20TRASLOCHI&query_place_id=ChIJMUzn5-aL1RIR9sKxwF8a6bs,Da chiamare,,,,,,,
FRASSI TRASLOCHI LOCALI & INTERNAZIONALI,Cascina,"Via Tosco Romagnola, 1514",=+39 327 131 7952,,http://www.frassitraslochi.it/,https://www.google.com/maps/search/?api=1&query=Frassi%20Traslochi%20Locali%20%26%20Internazionali&query_place_id=ChIJfe7mo5FiNSMRsfTmzqyd65o,Da chiamare,,,,,,,
TRASLOCHI ECONOMICI,Casciana Terme Lari,"Via Belfiore, 19",=+39 379 228 2046,,,https://www.google.com/maps/search/?api=1&query=Traslochi%20Economici&query_place_id=ChIJ37THxAH11RIR6p57FQfGM4E,Da chiamare,,,,,,,
FABRIZIO MENCUCCINI TRASLOCHI,Arezzo,"Via Filippo Lippi, 11",=+39 0575 28475,,,https://www.google.com/maps/search/?api=1&query=Fabrizio%20Mencuccini%20Traslochi&query_place_id=ChIJ60pZR0TtKxMRQLhpX449HC8,Da chiamare,,,,,,,
VIRTUOSI TRASLOCHI ANTONIO VIRTUOSI,Arezzo,"Via Fiorentina, 181",=+39 0575 380777,,,https://www.google.com/maps/search/?api=1&query=Virtuosi%20Traslochi%20Antonio%20Virtuosi&query_place_id=ChIJmVR2AzHtKxMRW-q7OB0464Q,Da chiamare,,,,,,,
GRECO TRASLOCHI,Arezzo,"Via Fiorentina, 41/b",=+39 338 404 0405,,,https://www.google.com/maps/search/?api=1&query=Greco%20Traslochi&query_place_id=ChIJYyz30TftKxMRbY7XQugSc_4,Da chiamare,,,,,,,
TRASLOCHI MORENO RUBECHINI & C. SNC,Arezzo,Via Campanacci,=+39 337 687 646,,https://www.traslochiarezzo.com/,https://www.google.com/maps/search/?api=1&query=Traslochi%20Moreno%20Rubechini%20%26%20C.%20Snc&query_place_id=ChIJnc05diXtKxMRITvcSwwW10A,Da chiamare,,,,,,,
CHIASSERINI E PERUZZI TRASLOCHI,Arezzo,"Località Monastero, 3",=+39 340 397 8894,,https://www.traslochichiasserinieperuzzi.com/,https://www.google.com/maps/search/?api=1&query=Chiasserini%20e%20Peruzzi%20Traslochi&query_place_id=ChIJSUvsGoTtKxMR-a55aRixdNM,Da chiamare,,,,,,,
TRASLOCHI BRUNI ANDREA TRASPORTI E SMALTIMENTO RIFIUTI RECUPERO FERRO,Arezzo,"Via Lazio, 26",=+39 339 852 7290,,,https://www.google.com/maps/search/?api=1&query=Traslochi%20Bruni%20Andrea%20trasporti%20e%20smaltimento%20rifiuti%20Recupero%20ferro&query_place_id=ChIJgWRe3C7tKxMRbix4n1WMWBY,Da chiamare,,,,,,,
TRASLOCHI CAPACCI DI ANDREA CAPACCI,Arezzo,"Località Santa Firmina, 52",=+39 335 535 7461,,http://www.traslochicapacciarezzo.com/,https://www.google.com/maps/search/?api=1&query=Traslochi%20Capacci%20Di%20Andrea%20Capacci&query_place_id=ChIJXX_2MZ3tKxMRgDVs9DbdvAA,Da chiamare,,,,,,,
TRASLOCHI TRITI - SEDE LUCCA - SAN MARCO,Lucca,"Via Vecchia Pesciatina, 204",=+39 348 338 3382,,https://www.traslochitriti.it/,https://www.google.com/maps/search/?api=1&query=Traslochi%20Triti%20-%20Sede%20Lucca%20-%20San%20Marco&query_place_id=ChIJy_A-iZCD1RIRyAL8tGqiAT8,Da chiamare,,,,,,,
TRASLOCHI TRITI - SEDE LUCCA - SAN VITO,Lucca,"Via T.G. Marchetti, 300",=+39 0583 927945,,https://www.traslochitriti.it/traslochi-lucca/,https://www.google.com/maps/search/?api=1&query=Traslochi%20Triti%20-%20sede%20Lucca%20-%20San%20Vito&query_place_id=ChIJiW9BSeOD1RIRR7pcV0xVPSY,Da chiamare,,,,,,,
RICCARDO TRASLOCHI,Lucca,"Via Nazionale, 375",,,,https://www.google.com/maps/search/?api=1&query=Riccardo%20traslochi&query_place_id=ChIJO8twHACB1RIRYQerXK7-zJ4,Da chiamare,,,,,,,
TRASLOCHI TRITI - SEDE CAPANNORI,Lucca,"Via Don Emilio Angeli, 176 - Segromigno P.no",=+39 0583 927945,,https://www.traslochitriti.it/,https://www.google.com/maps/search/?api=1&query=Traslochi%20Triti%20-%20Sede%20Capannori&query_place_id=ChIJDcPJF16A1RIRl_i93qxxfgs,Da chiamare,,,,,,,
MULTISERVICES TRASLOCHI MANNUCCI,Rapolano Terme,"Via dei Tribbi, 20",=+39 349 604 7865,,https://traslochimannucci.com/,https://www.google.com/maps/search/?api=1&query=Multiservices%20Traslochi%20Mannucci&query_place_id=ChIJwyKiRvvbKxMRd0CaCIn6D4I,Da chiamare,,,,,,,
AURELIA TRASLOCHI SNC DI FERRARI A. MARANGONI M. E MOSCA E.,Guamo,"Via di S. Pieretto, 24",=+39 0583 947912,,,https://www.google.com/maps/search/?api=1&query=Aurelia%20Traslochi%20Snc%20Di%20Ferrari%20A.%20Marangoni%20M.%20E%20Mosca%20E.&query_place_id=ChIJl0TyfUiE1RIROZmy5NvK-WU,Da chiamare,,,,,,,
TRASLOCHI SARTINI,Cerchiaia,"Str. di Cerchiaia, 25",=+39 335 101 9814,,http://www.traslochinuovasartini.com/,https://www.google.com/maps/search/?api=1&query=TRASLOCHI%20SARTINI&query_place_id=ChIJPYOZ000rKhMRm1Oh7rrkTRw,Da chiamare,,,,,,,
TRASLOCHI FRATELLI SOLDATI,Cerchiaia,"Str. di Cerchiaia, 55",=+39 0577 47193,,https://www.traslochisoldati.com/,https://www.google.com/maps/search/?api=1&query=Traslochi%20Fratelli%20SOLDATI&query_place_id=ChIJGXdW_EsrKhMRgpvPw9jTPgY,Da chiamare,,,,,,,
BS TRASLOCHI SAN GIULIANO TERME,San Giuliano Terme,"Via Pietro L'Aretino, 26",=+39 335 125 2464,,http://www.bstraslochi.it/,https://www.google.com/maps/search/?api=1&query=Bs%20Traslochi%20San%20Giuliano%20Terme&query_place_id=ChIJWXQ4sIqR1RIRBtnohanyIuk,Da chiamare,,,,,,,
TRASLOCHI GRONCHI,Collesalvetti,"Via della Marginata, 39",=+39 333 346 9985,,https://www.gronchiriccardotraslochi.it/,https://www.google.com/maps/search/?api=1&query=Traslochi%20Gronchi&query_place_id=ChIJ66dvR82M1RIRDlJvc-effow,Da chiamare,,,,,,,
TRASLOCHI ROSIGNANO 3 FRATELLI,Castelnuovo della Misericordia,"Via di Castelvecchio, 36",=+39 389 348 9677,,,https://www.google.com/maps/search/?api=1&query=Traslochi%20Rosignano%203%20Fratelli&query_place_id=ChIJVzJOVzL71RIR3nu8MsNRxHQ,Da chiamare,,,,,,,
BIEMMEBI SNC DI BERTOLANI S. MANCINI A. - TRASLOCHI TRASPORTI PISA,Vecchiano,Via del Beccaccino,=+39 050 869007,,,https://www.google.com/maps/search/?api=1&query=Biemmebi%20Snc%20Di%20Bertolani%20S.%20Mancini%20A.%20-%20Traslochi%20Trasporti%20Pisa&query_place_id=ChIJHXpoWSCa1RIResLuKT1oxVk,Da chiamare,,,,,,,
CONFORTI TRASLOCHI,Pisa,"Via Giovanni Pancaldi, 2",=+39 335 143 6790,,http://www.conforti-traslochi.it/,https://www.google.com/maps/search/?api=1&query=Conforti%20Traslochi&query_place_id=ChIJW2Xrfm6R1RIRrhsH5CLBUYo,Da chiamare,,,,,,,
GLOBAL SERVICE TRASLOCHI,Pisa,"Via II Settembre, 2",=+39 393 066 5600,,https://www.globalservicetraslochi.it/,https://www.google.com/maps/search/?api=1&query=Global%20Service%20Traslochi&query_place_id=ChIJifcGii-R1RIR_eKuMuqJ9ks,Da chiamare,,,,,,,
TRASLOCHI PISA,Pisa,Cavalcavia Sant'Ermete Nord,=+39 351 511 7139,,,https://www.google.com/maps/search/?api=1&query=Traslochi%20pisa&query_place_id=ChIJ6dTRKNiR1RIRT54M4SsPSmc,Da chiamare,,,,,,,
L.M. SERVICE S.R.L.S.,Pisa,"Primo Viale, 21",320 715 9773,,,,Da chiamare,,,,,,,
CM TRASLOCHI,Pisa,"Via Toscana, 65",0587 54134,,https://cmtraslochi.it/it/,,Da chiamare,,,,,,,
TRASLOCHI PISA,Pisa,"Via Carlo Cattaneo, 71",=+39 050 28115,,https://www.frassitraslochi.it/,https://www.google.com/maps/search/?api=1&query=traslochi%20pisa&query_place_id=ChIJ3at8aZCR1RIRM2jMwvt5xTA,Da chiamare,,,,,,,
LA FORTEZZA TRASLOCHI,Pisa,"Via Raffaello Sanzio, 2",=+39 050 532849,,http://www.lafortezzatraslochi.com/,https://www.google.com/maps/search/?api=1&query=La%20Fortezza%20Traslochi&query_place_id=ChIJK8Nc6kKR1RIRH8SIDalw4UY,Da chiamare,,,,,,,
TRASLOCHI PISA FRASSI,Pisa,"Via Piero Gobetti, 5",=+39 347 871 1817,,https://www.frassitraslochi.it/,https://www.google.com/maps/search/?api=1&query=Traslochi%20Pisa%20Frassi&query_place_id=ChIJoUP4WRqR1RIRkVMVw-OuVUY,Da chiamare,,,,,,,
PALUMBO TARAS TRASLOCHI IN TUTTA ITALIA,Pisa,"Via di Gello, 63/B",=+39 351 701 6105,,https://www.tarastraslochi.it/,https://www.google.com/maps/search/?api=1&query=Palumbo%20Taras%20Traslochi%20in%20Tutta%20Italia&query_place_id=ChIJ7zZTUTmR1RIR3HOgon3r6-A,Da chiamare,,,,,,,
CONFORTI TRASLOCHI,Pisa,"Via Biagio Brugi, 2",,,http://www.conforti-traslochi.it/,https://www.google.com/maps/search/?api=1&query=Conforti%20Traslochi&query_place_id=ChIJjXl-K2mT1RIRgHnKhXs1_P8,Da chiamare,,,,,,,
SHEDDADY TRASLOCHI,Pisa,"Via Fiorentina, 457",=+39 380 269 6211,,,https://www.google.com/maps/search/?api=1&query=Sheddady%20traslochi&query_place_id=ChIJ90y_Y6eP1RIRv3_R1Z2y9vw,Da chiamare,,,,,,,
"SOCIETÀ COOPERATIVA AURORA - FACCHINAGGIO, TRASLOCHI, LOGISTICA, PULIZIE CIVILI E INDUSTRIALI",Fornaci di Barga,"Via Alcide De Gasperi, 3",=+39 0583 75658,,http://www.cooperativaaurora.com/,https://www.google.com/maps/search/?api=1&query=Societ%C3%A0%20Cooperativa%20Aurora%20-%20Facchinaggio%2C%20Traslochi%2C%20Logistica%2C%20Pulizie%20civili%20e%20industriali&query_place_id=ChIJezgaWd161RIRxMRSEpx1VOw,Da chiamare,,,,,,,
TRASLOCHI TOLOMEI,Massarosa,"Via Poggio alle Viti, 619",=+39 340 786 4330,,,https://www.google.com/maps/search/?api=1&query=Traslochi%20Tolomei&query_place_id=ChIJsxefTWif1RIRRaZo--9HKBg,Da chiamare,,,,,,,
TRASLOCHI SUPERPICCHIO SUPERPICCHIO SRL,Sansepolcro,"Viale Osimo, 363",=+39 338 788 5625,,,https://www.google.com/maps/search/?api=1&query=Traslochi%20Superpicchio%20Superpicchio%20Srl&query_place_id=ChIJkytPNhB3LBMRNtob2XAwUkk,Da chiamare,,,,,,,
TOSCANA TRASLOCHI,Sansepolcro,"SS73, 20",=+39 338 788 5625,,,https://www.google.com/maps/search/?api=1&query=Toscana%20Traslochi&query_place_id=ChIJBSZl3Mh3LBMRShvAnY7KYos,Da chiamare,,,,,,,
ALBERTO TRASLOCHI & NOLEGGI,Cecina,"Via Maria Curie, 7",=+39 393 996 4745,,http://albertotraslochi.it/,https://www.google.com/maps/search/?api=1&query=Alberto%20Traslochi%20%26%20Noleggi&query_place_id=ChIJAacnQdv91RIR29YTcfyRSoI,Da chiamare,,,,,,,
TRASLOCHI CHELI FEDERICO,Cecina,"Via Galileo Galilei, 8",=+39 339 392 7701,,http://www.traslochicheli.it/,https://www.google.com/maps/search/?api=1&query=Traslochi%20Cheli%20Federico&query_place_id=ChIJvzoXjPz91RIRJWy0_q0J-kI,Da chiamare,,,,,,,
NUOVI TRASLOCHI CECINA,Cecina,"Via Giuseppe Garibaldi, 1",=+39 329 454 0460,,https://www.3fratellitraslochi.it/,https://www.google.com/maps/search/?api=1&query=Nuovi%20Traslochi%20Cecina&query_place_id=ChIJ9aZefeL91RIR_2ToiPg9UFY,Da chiamare,,,,,,,
TRASLOCHI 3 FRATELLI ROSIGNANO,Vada,"Via Vecchia Aurelia, 62",=+39 328 734 7226,,https://www.3fratellitraslochi.it/,https://www.google.com/maps/search/?api=1&query=Traslochi%203%20Fratelli%20Rosignano&query_place_id=ChIJScambwv91RIR6nEV-OtOdqA,Da chiamare,,,,,,,
TRASLOCHI BIBBONA,Vada,"Via Vecchia Aurelia, 62",,,,https://www.google.com/maps/search/?api=1&query=traslochi%20Bibbona&query_place_id=ChIJNXBd6ID91RIR-NY8hu6Vb8o,Da chiamare,,,,,,,
LA FORTEZZA TRASLOCHI,Livorno,"Via Roma, 31",=+39 0586 814647,,http://www.lafortezzatraslochi.com/,https://www.google.com/maps/search/?api=1&query=La%20Fortezza%20Traslochi&query_place_id=ChIJC4sO-HDp1RIRelPCpF8Xc7I,Da chiamare,,,,,,,
ANTHOS TRASLOCHI,Livorno,"bg. Cappuccini, 326",=+39 333 986 1219,,,https://www.google.com/maps/search/?api=1&query=Anthos%20Traslochi&query_place_id=ChIJT08euXbp1RIRe5Uvgu9mf7U,Da chiamare,,,,,,,
FRANDANI MONTAGGIO MOBILI E TRASLOCHI,Livorno,"Via S. Carlo, 50",=+39 328 688 4131,,http://frandani.it/,https://www.google.com/maps/search/?api=1&query=Frandani%20Montaggio%20mobili%20e%20traslochi&query_place_id=ChIJfcOrOXjp1RIRg-ky0fAPjG8,Da chiamare,,,,,,,
TRASLOCHI P.D. TRASPORTI E MONTAGGI DI PIEROTTI DANIELE,Livorno,"Via Giordano Bruno, 2",=+39 338 114 7597,,,https://www.google.com/maps/search/?api=1&query=TRASLOCHI%20P.D.%20TRASPORTI%20E%20MONTAGGI%20di%20Pierotti%20Daniele&query_place_id=ChIJYSs1cNzr1RIRMcxQJzpOwgY,Da chiamare,,,,,,,
TRASLOCHI MANTOVANI AMARANTO,Livorno,"Via degli Archi, 8",=+39 0586 183 6818,,http://traslochimantovaniamaranto.it/,https://www.google.com/maps/search/?api=1&query=Traslochi%20Mantovani%20Amaranto&query_place_id=ChIJlau-gNDr1RIR5j4sreeahKk,Da chiamare,,,,,,,
COOPERATIVA LIVORNESE FACCHINAGGIO TRASLOCHI E TRASPORTI,Livorno,"Via Luigi Boccherini, 15",=+39 0586 867560,,https://www.cooplivornesetraslochi.com/,https://www.google.com/maps/search/?api=1&query=Cooperativa%20Livornese%20Facchinaggio%20Traslochi%20e%20Trasporti&query_place_id=ChIJL70o50Tp1RIRJix2Kbmz3cA,Da chiamare,,,,,,,
TRASLOCHI CANU PIETRO,Livorno,"Via Ludovico Antonio Muratori, 29",=+39 370 332 5085,,https://www.traslochicanupietro.it/,https://www.google.com/maps/search/?api=1&query=Traslochi%20Canu%20Pietro&query_place_id=ChIJSUK3Tj3p1RIRoPwf02cw4PU,Da chiamare,,,,,,,
TRASPORTI - TRASLOCHI FONTANA GABRIELE LIVORNO,Livorno,"Viale Giosuè Carducci, 100",=+39 0586 183 6702,,https://www.fontanagabrieletraslochi.it/,https://www.google.com/maps/search/?api=1&query=Trasporti%20-%20Traslochi%20Fontana%20Gabriele%20Livorno&query_place_id=ChIJG1bDZ6Xr1RIRWBq-3nE57Kw,Da chiamare,,,,,,,
TRASLOCHI E DEPOSITO MOBILI - DEPOSITI BERNI MARCO,Livorno,"Via Firenze, 13c",=+39 370 332 5085,,https://www.depositiberni.com/,https://www.google.com/maps/search/?api=1&query=Traslochi%20e%20Deposito%20Mobili%20-%20Depositi%20Berni%20Marco&query_place_id=ChIJtbnA_sLr1RIRZ999G2bHYkY,Da chiamare,,,,,,,
NUOVA TRASPORTI BERNI & C. TRASLOCHI E DEPOSITI,Livorno,"Via di Collinaia, 16/18",=+39 347 277 2287,,https://www.trasportiberni.com/,https://www.google.com/maps/search/?api=1&query=Nuova%20Trasporti%20Berni%20%26%20C.%20Traslochi%20e%20Depositi&query_place_id=ChIJcXzwRTLp1RIRzmZhbfysecU,Da chiamare,,,,,,,
CECCHINI DEPOSITI E TRASLOCHI,Livorno,"Via Gian Battista Guarini, 16",=+39 339 363 7513,,https://cecchinitraslochi.it/,https://www.google.com/maps/search/?api=1&query=Cecchini%20Depositi%20e%20Traslochi&query_place_id=ChIJBehAXB3r1RIRqLEyLUfejqw,Da chiamare,,,,,,,
FJ TRASPORTI E TRASLOCHI,Livorno,"Via Sant'Andrea, 13",=+39 339 578 0407,,,https://www.google.com/maps/search/?api=1&query=FJ%20Trasporti%20e%20Traslochi&query_place_id=ChIJZzZ3Wnzp1RIRYr5PP6gD9Co,Da chiamare,,,,,,,
TRASLOCHI DI TUTTO DI PIÙ,Livorno,"Via Luigi Boccherini, 35",=+39 329 793 9499,,https://traslochidituttodipiu.it/,https://www.google.com/maps/search/?api=1&query=Traslochi%20di%20tutto%20di%20pi%C3%B9&query_place_id=ChIJrc-kB5Tp1RIRb6XogycH9wE,Da chiamare,,,,,,,
JONATHAN TRASLOCHI E SERVIZI,Livorno,"Via Cimarosa, 22",=+39 345 988 9229,,http://www.jonathantraslochi.it/,https://www.google.com/maps/search/?api=1&query=JONATHAN%20TRASLOCHI%20E%20SERVIZI&query_place_id=ChIJNVxRvYPr1RIR-ZWdt6_dT_I,Da chiamare,,,,,,,
LA FORTEZZA TRASLOCHI E DEPOSITI S.R.L.,Livorno,"Via dei Cordai, 7",=+39 392 222 4164,,https://www.lafortezzatraslochi.com/,https://www.google.com/maps/search/?api=1&query=La%20Fortezza%20Traslochi%20e%20Depositi%20S.r.l.&query_place_id=ChIJMdwxIs_r1RIRMmRX1ibqX4w,Da chiamare,,,,,,,
MERCIER TRASLOCHI INDUSTRIALI LIVORNO,Livorno,"Via dell'Ecologia, 7/9",=+39 02 3350 2855,,https://merciertraslochi.it/,https://www.google.com/maps/search/?api=1&query=Mercier%20Traslochi%20Industriali%20Livorno&query_place_id=ChIJywv1dsXr1RIR6pOWDgcwq54,Da chiamare,,,,,,,
FRANZOSINI TRASLOCHI LIVORNO,Livorno,"Via dell'Ecologia, 7/9",=+39 0586 194 2945,,https://franzosini.it/,https://www.google.com/maps/search/?api=1&query=Franzosini%20Traslochi%20Livorno&query_place_id=ChIJZx-QQfzr1RIRgeNasy0Lfmc,Da chiamare,,,,,,,
RIVIERATRASLOCHI SRL,Viareggio,"P.za Ippolito Ragghianti, 12",=+39 0584 48292,,https://www.rivieratraslochi.it/,https://www.google.com/maps/search/?api=1&query=RivieraTraslochi%20SRL&query_place_id=ChIJJXiAUPmh1RIR95ITL98C2xY,Da chiamare,,,,,,,
FAZZINI TRASLOCHI - VIAREGGIO,Viareggio,"Via Giuseppe Mazzini, 219",=+39 0584 960695,,https://www.fazzinitraslochi.it/?utm_source=google&utm_medium=organic&utm_campaign=gbp,https://www.google.com/maps/search/?api=1&query=Fazzini%20Traslochi%20-%20Viareggio&query_place_id=ChIJtdbzL-Wh1RIR-mzUqY4_KZo,Da chiamare,,,,,,,
LA FORTEZZA TRASLOCHI LUCCA,Viareggio,"Via dei Larici, 46C",=+39 0584 185 0835,,http://www.lafortezzatraslochi.com/,https://www.google.com/maps/search/?api=1&query=La%20Fortezza%20Traslochi%20Lucca&query_place_id=ChIJi5u9g1ef1RIRMwU3mJdIAs0,Da chiamare,,,,,,,
TRASLOCHI TRITI - SEDE VIAREGGIO,Viareggio,"Via Cairoli, 175",=+39 0584 610962,,https://www.traslochitriti.it/traslochi-viareggio/,https://www.google.com/maps/search/?api=1&query=Traslochi%20Triti%20-%20Sede%20Viareggio&query_place_id=ChIJ77H9Gfuh1RIRAv9MRZgzbPE,Da chiamare,,,,,,,
TRASLOCHI CRESTINI GIAMPIERO,Chianciano Terme,"Via Adige, 19",=+39 339 821 4882,,https://www.traslochicrestini.it/contatti,https://www.google.com/maps/search/?api=1&query=Traslochi%20Crestini%20Giampiero&query_place_id=ChIJRzUyMW1bKRMR_C2mHzlqYsQ,Da chiamare,,,,,,,
BIEMME TRASLOCHI DI BIAGETTI MASSIMO,Gavorrano,"Via Giuseppe Bandi, 41",=+39 328 164 9185,,,https://www.google.com/maps/search/?api=1&query=Biemme%20Traslochi%20di%20Biagetti%20Massimo&query_place_id=ChIJy8sjQi3DKRMRD-AVexgG31E,Da chiamare,,,,,,,
SGOMBERO E TRASLOCHI E RITIRO METALLI,Carrara,,=+39 329 587 9726,,,https://www.google.com/maps/search/?api=1&query=Sgombero%20e%20traslochi%20e%20ritiro%20metalli&query_place_id=ChIJcyAER4sF1RIR6J5ug7cUMIA,Da chiamare,,,,,,,
TRASLOCHI HB SERVICE,Carrara,"Via Campo d'Appio, 77",=+39 389 011 4721,,,https://www.google.com/maps/search/?api=1&query=Traslochi%20HB%20service&query_place_id=ChIJg7kNtWy3liURcmqSWiCsMe0,Da chiamare,,,,,,,
FA TRASLOCHI IMBIANCATURE GIARDINAGGIO,Marina di Carrara,"Via Marco Polo, 30 Bis",=+39 327 453 4719,,,https://www.google.com/maps/search/?api=1&query=Fa%20Traslochi%20Imbiancature%20Giardinaggio&query_place_id=ChIJGb2NH5gF1RIRR-mOiw8O1yQ,Da chiamare,,,,,,,
MAX TRASLOCHI E MONTAGGI,Follonica,"Via dell'Edilizia, 267",=+39 333 484 8097,,,https://www.google.com/maps/search/?api=1&query=Max%20Traslochi%20e%20Montaggi&query_place_id=ChIJQeth49jcKRMRNTX8yOFhbnk,Da chiamare,,,,,,,
TRASLOCHI GIÒ - MAX,Follonica,"Via Leonardo da Vinci, 9",=+39 0566 54201,,https://www.traslochigiomax.it/,https://www.google.com/maps/search/?api=1&query=Traslochi%20Gi%C3%B2%20-%20Max&query_place_id=ChIJt9EUkO_cKRMR-k4581z2NQc,Da chiamare,,,,,,,
LA MAREMMA TRASLOCHI - TRASPORTI - TUTTOFARE,Follonica,"Via Lago di Bolsena, 12",=+39 329 213 5150,,https://www.traslochituttofare.it/,https://www.google.com/maps/search/?api=1&query=LA%20MAREMMA%20traslochi%20-%20trasporti%20-%20tuttofare&query_place_id=ChIJw-31tg7dKRMROJoDm3bKYuU,Da chiamare,,,,,,,
AMIATA TRASLOCHI,Arcidosso,"Parco Donatori del Sangue, 26",=+39 375 595 8620,,https://www.amiatatraslochi.it/,https://www.google.com/maps/search/?api=1&query=Amiata%20Traslochi&query_place_id=ChIJo5hrQZASKRMR9dldv7Q54o0,Da chiamare,,,,,,,
TRASLOCHI AJDINI AGRON,Arcidosso,Via S. Filippo,=+39 327 166 3121,,,https://www.google.com/maps/search/?api=1&query=Traslochi%20Ajdini%20Agron&query_place_id=ChIJ0QTystlwm24RIBbX9TlyKwo,Da chiamare,,,,,,,
B.M. TRASLOCHI DI BALDUCCI ENRICO,Piombino,"Via Niccolò Copernico, 24",=+39 328 473 8092,,http://www.bmtraslochi-livorno.it/,https://www.google.com/maps/search/?api=1&query=B.M.%20Traslochi%20di%20Balducci%20Enrico&query_place_id=ChIJgys3EN4j1hIReGPyPBjHOZA,Da chiamare,,,,,,,
TRASLOCHI M.N.,Grosseto,"Via Cesare Battisti, 69, Via Lago di Bracciano, 5",=+39 338 971 7178,,http://mntraslochi.it/,https://www.google.com/maps/search/?api=1&query=Traslochi%20M.N.&query_place_id=ChIJuyCsjFewKRMRPyy_SdM8XKI,Da chiamare,,,,,,,
BIAGIOLI IVANO TRASLOCHI,Grosseto,"Via Senese, 193",=+39 0564 27260,,https://biagiolitraslochi.com/,https://www.google.com/maps/search/?api=1&query=Biagioli%20Ivano%20Traslochi&query_place_id=ChIJLSJ9O3awKRMRR08DQdovrUY,Da chiamare,,,,,,,
TSM SERVIZI TRASPORTI E TRASLOCHI,Grosseto,"Via Trebbia, 16",=+39 389 311 9206,,http://tsmservizi.it/,https://www.google.com/maps/search/?api=1&query=TSM%20SERVIZI%20Trasporti%20e%20Traslochi&query_place_id=ChIJ1ZBQe_ixKRMRfeSkgicZo-M,Da chiamare,,,,,,,
ARTI TRASLOCHI E TRASPORTI GROSSETO,Grosseto,"Via Caravaggio, 30",=+39 351 988 5244,,http://artitraslochigrosseto.it/,https://www.google.com/maps/search/?api=1&query=ARTI%20Traslochi%20e%20trasporti%20Grosseto&query_place_id=ChIJt2Fn7kaxKRMRmoM6V_GWYWs,Da chiamare,,,,,,,
NUOVA TRASLOCHI GROSSETO,Grosseto,"Via Rubino, 28",=+39 0564 179 7941,,https://grossetotraslochi.it/,https://www.google.com/maps/search/?api=1&query=Nuova%20Traslochi%20Grosseto&query_place_id=ChIJF7Qxdb67KRMRvLQZzV8voN0,Da chiamare,,,,,,,
TRASLOCHI SMALTIMENTI MONTAGGI SERVIZI,Grosseto,Largo Giacinto Menotti Serrati,=+39 389 311 9206,,https://tsmservizi.it/,https://www.google.com/maps/search/?api=1&query=Traslochi%20Smaltimenti%20Montaggi%20Servizi&query_place_id=ChIJ7-fwnFmxKRMR1hqGj7o2ztE,Da chiamare,,,,,,,
TRASLOCHIMMOBILI,Porto Santo Stefano,"Via Lividonia, 39",=+39 338 465 1202,,https://traslochimmobili.it/,https://www.google.com/maps/search/?api=1&query=Traslochimmobili&query_place_id=ChIJ70HjmOhFKBMRfXzyhvCv0bA,Da chiamare,,,,,,,
TRASLOCHI ZERO,,,=+39 327 139 7819,,https://traslochizero.it/,https://www.google.com/maps/search/?api=1&query=Traslochi%20Zero&query_place_id=ChIJdXPwgx11KhMRRUDNQWaYheM,Da chiamare,,,,,,,
ALPHA TRASLOCHI & TRASPORTI,,,=+39 353 495 8294,,,https://www.google.com/maps/search/?api=1&query=ALPHA%20Traslochi%20%26%20Trasporti&query_place_id=ChIJf0shXHXBFQ8ROZ-KBF8L0UE,Da chiamare,,,,,,,
PICCOLI TRASLOCHI FIRENZE,,,=+39 349 828 8730,,http://www.piccolitraslochifirenze.com/,https://www.google.com/maps/search/?api=1&query=Piccoli%20traslochi%20Firenze&query_place_id=ChIJj3tvjg5UKhMRidaGybqcnCQ,Da chiamare,,,,,,,
TRASLOCHI NIMI,,,=+39 055 641388,,http://www.traslochinimi.com/,https://www.google.com/maps/search/?api=1&query=Traslochi%20Nimi&query_place_id=ChIJ19JzoqhTKhMRlkiuZRGPvFI,Da chiamare,,,,,,,
TOSCA TRASLOCHI E SGOMBERI FIRENZE,,,=+39 351 941 7579,,https://traslochi-firenze.com/,https://www.google.com/maps/search/?api=1&query=Tosca%20Traslochi%20e%20Sgomberi%20Firenze&query_place_id=ChIJdYmbb-OWaaAR-xu0CADxzsk,Da chiamare,,,,,,,
PIOVRA TRASLOCHI,,,=+39 351 324 4805,,,https://www.google.com/maps/search/?api=1&query=Piovra%20Traslochi&query_place_id=ChIJ_ZfCLX3u6S4RW9oC9PJW2fY,Da chiamare,,,,,,,
LUCE TRASLOCHI,,,=+39 366 141 3584,,,https://www.google.com/maps/search/?api=1&query=Luce%20traslochi&query_place_id=ChIJ5W-_gt90ckgRb7cHvAqflBY,Da chiamare,,,,,,,
SGOMBERO E TRASLOCHI TOSCANA,,,=+39 345 302 8681,,https://www.sgomberotraslochitoscana.it/,https://www.google.com/maps/search/?api=1&query=Sgombero%20e%20Traslochi%20Toscana&query_place_id=ChIJl13sKgZGnoYRNcS5A6D37tA,Da chiamare,,,,,,,
SGOMBERI TRASLOCO MINETTI,,,=+39 379 240 0647,,https://sgomberitoscana.it/,https://www.google.com/maps/search/?api=1&query=Sgomberi%20Trasloco%20Minetti&query_place_id=ChIJT92D-vbzI0IRMcdKbLA7qXw,Da chiamare,,,,,,,
TRASLOCHI CAMMELLO,,,=+39 328 866 6439,,,https://www.google.com/maps/search/?api=1&query=Traslochi%20Cammello&query_place_id=ChIJoTnmjoOE-SARXE26IE3kTIU,Da chiamare,,,,,,,
TRASLOCHI E SGOMBERO LOCALI E CANTINE FIRENZE - SCORPION,,,=+39 320 558 5776,,https://traslochiscorpion.it/,https://www.google.com/maps/search/?api=1&query=Traslochi%20e%20Sgombero%20locali%20e%20cantine%20Firenze%20-%20Scorpion&query_place_id=ChIJ4Y5b1T8zjWwRgsa9424Y5EU,Da chiamare,,,,,,,
TRASLOCHI SCORPION,,,=+39 320 558 5776,,https://traslochiscorpion.it/,https://www.google.com/maps/search/?api=1&query=traslochi%20Scorpion&query_place_id=ChIJb7I3E1zh8SgRQINcw6otkCE,Da chiamare,,,,,,,
TRASLOCHI CAMMELLO,,,=+39 333 4422 2555,,,https://www.google.com/maps/search/?api=1&query=Traslochi%20Cammello&query_place_id=ChIJm3nfJG40imERTrnIixHGrBQ,Da chiamare,,,,,,,
S.D.L TRASLOCHI E SERVIZI,,,=+39 333 145 2419,,,https://www.google.com/maps/search/?api=1&query=S.D.L%20Traslochi%20e%20Servizi&query_place_id=ChIJv7I766ijqa8RvULt8XEKfFw,Da chiamare,,,,,,,
FRASSI TRASLOCHI SAN GIULIANO,,,=+39 388 190 7667,,https://www.frassitraslochi.it/,https://www.google.com/maps/search/?api=1&query=Frassi%20Traslochi%20San%20Giuliano&query_place_id=ChIJNyNluMesbS0R28s5Rpw2KlY,Da chiamare,,,,,,,
TRASLOCHI TOSCANA TRASPORTI - SOCIETA' COOPERATIVA,Navacchio,"Via Sant'Antioco, 15",=+39 333 363 2606,,,https://www.google.com/maps/search/?api=1&query=Traslochi%20Toscana%20Trasporti%20-%20Societa'%20Cooperativa&query_place_id=ChIJXdaNAgWS1RIRkvvQvHmMQ78,Da chiamare,,,,,,,
BS TRASLOCHI PONTEDERA,,,=+39 335 125 2464,,https://www.bstraslochi.it/,https://www.google.com/maps/search/?api=1&query=Bs%20Traslochi%20Pontedera&query_place_id=ChIJAchL9UadeAcRtfBOv7K6R7o,Da chiamare,,,,,,,
LA FORTEZZA TRASLOCHI,,,=+39 392 222 4164,,https://lafortezzatraslochi.org/,https://www.google.com/maps/search/?api=1&query=La%20Fortezza%20Traslochi&query_place_id=ChIJOfWRWXA9UIARC1KIufcqGMw,Da chiamare,,,,,,,
CECCHINI DEPOSITI E TRASLOCHI SRL,,,=+39 339 363 7513,,https://cecchinitraslochi.it/,https://www.google.com/maps/search/?api=1&query=Cecchini%20Depositi%20e%20Traslochi%20srl&query_place_id=ChIJdb2JZ18n94ERQqYMRZumsHg,Da chiamare,,,,,,,
MIRCO TRASLOCHI-LUCCA-PONTE A MORIANO,Ponte a Moriano,"Via delle Case Popolari, 28, Via della chiesa, 17",=+39 351 457 3447,,https://mircotraslochi.com/,https://www.google.com/maps/search/?api=1&query=Mirco%20Traslochi-Lucca-Ponte%20a%20Moriano&query_place_id=ChIJIX1O4oZ51RIRGZ1ZyU4Bx70,Da chiamare,,,,,,,
MIRCO TRASLOCHI-CAPANNORI-LUCCA,,,=+39 353 378 1218,,https://mircotraslochi.com/,https://www.google.com/maps/search/?api=1&query=Mirco%20Traslochi-Capannori-Lucca&query_place_id=ChIJ-RnxI8v0vkURdfsgLt9hr58,Da chiamare,,,,,,,
TRASLOCHI TOZZINI SNC DI TOZZINI CARLO & C.,,,=+39 0586 670397,,,https://www.google.com/maps/search/?api=1&query=Traslochi%20Tozzini%20Snc%20Di%20Tozzini%20Carlo%20%26%20C.&query_place_id=ChIJJXGBvkgA1hIRe1PfKgvYED4,Da chiamare,,,,,,,
TRASLOCHI TRITI SEDE VERSILIA,Lido di Camaiore,"Viale Ermenegildo Pistelli, 128",=+39 348 338 3382,,https://www.traslochitriti.it/traslochi-versilia/,https://www.google.com/maps/search/?api=1&query=Traslochi%20Triti%20Sede%20Versilia&query_place_id=ChIJ8XhEjquh1RIRqCGmh1DGVUk,Da chiamare,,,,,,,
TRASLOCHI FRASSI VERSILIA,,,=+39 329 769 8183,,https://www.frassitraslochi.it/,https://www.google.com/maps/search/?api=1&query=Traslochi%20Frassi%20Versilia&query_place_id=ChIJV_Wc-PgoV0URHuybvdfLN8I,Da chiamare,,,,,,,
RIVIERA EXPRESS TRASLOCHI,Montramito,Via Giuseppe Duccini,,,,https://www.google.com/maps/search/?api=1&query=Riviera%20Express%20Traslochi&query_place_id=ChIJ1Ro9kD2f1RIRDZcloYD9_SU,Da chiamare,,,,,,,
L & C TRASLOCHI E SERVIZI,Turchetto,"Via di Montecarlo, 141",=+39 339 626 4293,,https://lctraslochieservizi.com/,https://www.google.com/maps/search/?api=1&query=L%20%26%20C%20Traslochi%20E%20Servizi&query_place_id=ChIJM6G7gBx5KhMRxpzQ39wFllo,Da chiamare,,,,,,,
LA FORTEZZA TRASLOCHI VERSILIA,,,=+39 392 164 2224,,https://www.lafortezzatraslochi.org/,https://www.google.com/maps/search/?api=1&query=La%20Fortezza%20Traslochi%20Versilia&query_place_id=ChIJWQszmeIJXy0RJ1yY8_z_d8w,Da chiamare,,,,,,,
I RAGAZZI DEL TRASLOCO,,,,,https://www.iragazzideltrasloco.it/,https://www.google.com/maps/search/?api=1&query=i%20ragazzi%20del%20trasloco&query_place_id=ChIJSzQy_8-eWCIRaGRu0bfq_Cw,Da chiamare,,,,,,,
TRASLOCHI E TRASPORTI MESCHI,,,=+39 347 507 3673,,,https://www.google.com/maps/search/?api=1&query=Traslochi%20e%20Trasporti%20Meschi&query_place_id=ChIJ9fPOPD6B1RIRI-pFIx7wOPE,Da chiamare,,,,,,,
TRASLOCHI TROTTA,Luco di Mugello,Via D. Torelli,=+39 339 343 2570,,,https://www.google.com/maps/search/?api=1&query=Traslochi%20Trotta&query_place_id=ChIJDf6tnTIdKxMRjqrBZ5HScn0,Da chiamare,,,,,,,
TRASLOCHI ARTE SERVICE,,,=+39 335 300 666,,,https://www.google.com/maps/search/?api=1&query=Traslochi%20Arte%20Service&query_place_id=ChIJ-f8PBUP2KhMRONoE0AIXA5Y,Da chiamare,,,,,,,
TRASLOCHI TRASPORTI MARKU,,,=+39 333 880 5868,,https://www.markusrl.it/,https://www.google.com/maps/search/?api=1&query=TRASLOCHI%20TRASPORTI%20MARKU&query_place_id=ChIJXUUcELctnooRauXToxTKQ_I,Da chiamare,,,,,,,
TRASLOCHI GLOBO,Torita di Siena,"Strada di Certosa, N°10",=+39 0577 978024,,http://sienatraslochi.it/,https://www.google.com/maps/search/?api=1&query=Traslochi%20Globo&query_place_id=ChIJ5R-I_l7TKxMRH0HaGLg14R0,Da chiamare,,,,,,,
TRASLOCHI E TRASPORTI ANGELI DI ANGELI MASSIMO,Arbia,"Viale Toscana, 25",=+39 0577 364695,,,https://www.google.com/maps/search/?api=1&query=Traslochi%20e%20Trasporti%20Angeli%20Di%20Angeli%20Massimo&query_place_id=ChIJP2kw1eMsKhMRqATG-63PE4E,Da chiamare,,,,,,,
TERZINO TRASLOCHI FIRENZE,,,=+39 366 458 0131,,https://www.terzinotraslochi.com/,https://www.google.com/maps/search/?api=1&query=TERZINO%20TRASLOCHI%20FIRENZE&query_place_id=ChIJXXByY_X9vW0RND2R9Z-zxYM,Da chiamare,,,,,,,
ALESSANDRO SVUOTATUTTO - TRASLOCHI,Santa Maria ai Monti,"Via Cinque Case, 19",=+39 351 522 0435,,,https://www.google.com/maps/search/?api=1&query=Alessandro%20Svuotatutto%20-%20Traslochi&query_place_id=ChIJgSvxC4d3KhMR2eK7XGtPDcw,Da chiamare,,,,,,,
TRASLOCHI FRANCHI & CO,,,=+39 333 393 6229,,https://www.facebook.com/profile.php?id=100088608917771,https://www.google.com/maps/search/?api=1&query=Traslochi%20Franchi%20%26%20Co&query_place_id=ChIJUc8AEubVGSgRa9AD_f1-5DU,Da chiamare,,,,,,,
TRASLOCHI E TRASPORTI SMALTIMENTO INGOMBRANTI L.A.R.A.,,,=+39 328 248 6604,,,https://www.google.com/maps/search/?api=1&query=Traslochi%20e%20trasporti%20smaltimento%20ingombranti%20l.a.r.a.&query_place_id=ChIJ-88n7hBY0akRQf8AejHwDlE,Da chiamare,,,,,,,
"IMPRESA DI PULIZIE, SGOMBERO E TRASLOCHI, FIRENZE - BAUTISTA",,,=+39 328 566 6883,,http://impresa-pulizie-firenze.it/,https://www.google.com/maps/search/?api=1&query=Impresa%20di%20pulizie%2C%20Sgombero%20e%20Traslochi%2C%20Firenze%20-%20Bautista&query_place_id=ChIJFwr8D0rFVagRttlXs8Ay6Sg,Da chiamare,,,,,,,
TRASLOCHI E TRASPORTI TRE STELLE - RAVI CARGO,Sant'Angelo,"Via Ruggero Bardazzi, 70",=+39 329 827 5215,,https://www.traslochitrestelle.com/,https://www.google.com/maps/search/?api=1&query=TRASLOCHI%20E%20TRASPORTI%20TRE%20STELLE%20-%20RAVI%20CARGO&query_place_id=ChIJKTFpYwFZKhMRtrbQWcZAe9M,Da chiamare,,,,,,,
JOLLA TRASLOCHI&TRASPORTO,,,=+39 389 661 9053,,,https://www.google.com/maps/search/?api=1&query=Jolla%20Traslochi%26Trasporto&query_place_id=ChIJsVeIqrL7Zg4R317vm5F15LI,Da chiamare,,,,,,,