nome_azienda,nome_decisore,ruolo_decisore,email,telefono,tipo_numero,citta,settore,website,fonte_numero
Ruggeri Grafiche Srl,,,,+39059824545,fisso,,,,"https://ruggerigrafiche.it (footer Contatti, T +39 059 824545)"
Mazzini Service Srl,,,,+393483614515,cellulare,,,,http://mazziniservice.it (footer: tel. 051/391784 - PRONTO INTERVENTO 348/3614515)
Omega Servizi Integrati Srl,,,,+393398298574,cellulare,,,,"https://www.omega-servizi.it (header/footer, anche fisso +39 0535 730193)"
Aerologistik Srl,,,,+390458265135,fisso,,,,https://aerologistik.it (header)
Numismatica Terziani Srl,,,,+39051264010,fisso,,,,https://nummus.it (header e footer)
Max Srl,,,,+393283035437,cellulare,,,,https://hotel-fiera.com
Reco Tech Srl,,,,+3905221750918,fisso,,,,https://www.recotechsrl.it/
Radio Bruno Soc Coop,,,,+39059698555,fisso,,,,"https://multiradiosrl.it (footer, etichetta Tel. 059 698555)"
Tecno System Srl,,,,+390532858883,fisso,,,,https://tecnosystemfe.it/it/contatti
Medil Srl,,,,+39051479285,fisso,,,,https://www.medilcostruzioni.it/
Tamarri Srl,,,,+390514380255,fisso,,,,https://www.tamarri.net/ (tamarri.it redirige qui; link tel: nel sito)
Gruppo Meca Srl,,,,+390522964155,fisso,,,,"https://gruppomeca.it (footer, linea 1)"
Bll Trasporti Srl,,,,+39022131881,fisso,,,,"https://blltrasporti.it/contatti/ (sede Milano; Bologna +390516651959, Reggio Emilia +390522232361)"
Allitaly Srl,,,,+393404953252,cellulare,,,,"https://www.klaasitalia.it (footer, Mobile +39 340 4953252; fisso ufficio +39 0522 863310)"
A.T.A.M. Spa Azienda Trasporti Automobilistici Municipali,,,,+390575984534,fisso,,,,"https://atamarezzo.it (footer/contatti, etichetta Telefono: 0575/984534)"
Fiabilandia Srl,,,,+390541372064,fisso,,,,"https://www.fiabilandia.it/contatti/ (etichetta Telefono: +39 0541.372064, anche in header homepage)"
Rm Servizi Soc Coop,,,,+393514555695,cellulare,,,,"https://bertinoromusica.it (footer, cell e whatsapp)"
Dell'Erba Srl,,,,+39059548432,fisso,,,,https://dellerba.com (header Telefono / footer Servizio clienti)
Panconi Catering Srl,,,,+393493865064,cellulare,,,,https://panconicatering.it
Dalpasso Srl,,,,+390522453999,fisso,,,,https://dalpasso.it
Coop Sociale Abbracci Soc Coop Onlus,,,,+393460834887,cellulare,,,,https://coopabbracci.it/contatti
Azienda Servizi Turistici Integrati Srl,,,,+39050598888,fisso,,,,https://astisrl.com/contatti/
Falco Servizi Srl,,,,+393283126397,cellulare,,,,"https://falcoservizi.net (header, link WhatsApp; fisso alternativo +390541616036)"
M.A.M. Eredi Malaguti Cav. Aurelio Di Malaguti Vanni & C. Sr,,,,+39059330219,fisso,,,,"https://mamforni.it (footer, link tel:)"
Tera Seeds Srl Consortile,,,,+390514683162,fisso,,,,https://janus.it
Istituto Medical Srl,,,,+3905651975620,fisso,,,,https://medicalgroup-diagnostica.it
Faber Infissi Srl,,,,+393315646286,cellulare,,,,https://faberinfissi.it
Accademia Acrobatica Srl,,,,+393802982176,cellulare,,,,https://www.villaggioaccademia.it
B.T.V. Truck Srl,,,,+393387192362,cellulare,,,,https://btvtruck.org
Kedos Srl,,,,+390236741057,fisso,,,,https://www.kedos-srl.it
S.T.I.M.A. Srl,,,,+390574718898,fisso,,,,https://www.stimasrl.com/contatti/
Tecnolibri Distribuzione Srl,,,,+390558826698,fisso,,,,"https://www.tecnolibri.it (footer, link tel:)"
Www Tuscanfarm.Com Srl,,,,+393338503846,cellulare,,,,"https://tuscanfarm.com (widget WhatsApp ufficiale click-to-chat, number 393338503846)"
Sofin Srl,,,,+393486487219,cellulare,,,,"https://www.carcoverit.com/ (contatti, redirect da carcover.it)"
Medi Nova Sas Di Melli Paola E C.,,,,+390522920161,fisso,,,,https://www.medi-nova.it/ (footer: Tel +39 0522 920161)
Martelli Marmi Srl,,,,+39051711765,fisso,,,,https://martellimarmi.it/ (link tel: 051.711765)
Elfi Systems Srl,,,,+390522448411,fisso,,,,https://elfisystems.it
Finturist Spa,,,,+39059851505,fisso,,,,https://modenadistrict.it
Milosped Srl,,,,+390521291399,fisso,,,,"https://www.milosped.it/ (Tel. 0521 291399, link tel:)"
C.M. Gronde Srl,,,,+39059819190,fisso,,,,https://cmgronde.it/ (link tel: +39 059 819190)
Ensi Srl,,,,+393245491203,cellulare,,,,https://gianno.it/contatti
Great Estate Immobiliare Srl,,,,+393511667107,cellulare,,,,https://greatestate.it
Croce Verde Novafeltria Soc Coop Sociale,,,,+390541922121,fisso,,,,https://croceverdenovafeltria.it/contatti.html
Italian Taste Lodovichi Srl,,,,+390575849099,fisso,,,,"https://italiantastelodovichi.it (footer, link tel:)"
Centro Mac Srl,,,,+390574623111,fisso,,,,https://centromac.it (link tel:0574/623111)
Prosciuttificio Borgo Antico Srl,,,,+39059534711,fisso,,,,https://alcaruno.it (footer contatti)
Manghi Bruno Srl,,,,+390521980883,fisso,,,,"https://manghibruno.it (header e sezione Contatti, etichetta Telefono)"
Faroldi Srl,,,,+393355215065,cellulare,,,,https://faroldi.it (footer contatti)
Essential Srl,,,,+393396550436,cellulare,,,,https://www.essential-flavours.it/contatti/ (cellulare diretto General Manager)
New Day Srl Semplificata,,,,+393397000878,cellulare,,,,"https://hotelcaesar.net (header/footer, link tel:)"
Errecars Srl,,,,+393317522241,cellulare,,,,https://www.erre-cars.it/contatti/
F.I.P. Forniture Industriali Parmensi Srl,,,,+390354192777,fisso,,,,https://pneumaxspa.com
Sicas Srl,,,,+390257514340,fisso,,,,https://www.sicas.eu (redirect da sicas.net)
Societa' Agricola Querciabella Spa,,,,+3905585927777,fisso,,,,https://querciabella.com/contact
Societa' Agricola Salvadonica Di Beatrice E Francesca Baccet,,,,+393929859061,cellulare,,,,https://salvadonica.com
Societa Cooperativa Autocustodi Fiorentini S.C.A.F. Soc Coop,,,,+39055363362,fisso,,,,https://web.scaf.fi.it/
Toscoavicola Srl,,,,+390558969151,fisso,,,,https://toscoavicola.it
Trattoria 4 Leoni Srl,,,,+39055218562,fisso,,,,http://www.4leoni.it/contatti (link tel:+39055218562)
Unione Dei Comuni Circondario Dell'Empolese Valdelsa,,,,+390571757201,fisso,,,,https://www.empolese-valdelsa.it
White River Srl,,,,+3905519982670,fisso,,,,https://www.whiteriver.it
Bertuccia Srl Sb,,,,+393931122233,cellulare,,,,"https://ecovillaggiomontale.it/contatti (etichetta Telefono, footer e pagina contatti - Stefano vendite)"
Migliaccio Srl,,,,+390298282130,fisso,,,,"https://www.gruppomigliaccio.it/ (footer Tel. 02.982.82.130, sito di gruppo redirect da gruppomigliaccio.com)"
Pm Ristrutturazioni Srl,,,,+393274229967,cellulare,,,,https://pmristrutturazioni.it (Cellulare 3274229967; fisso alternativo 0516516158)
I.T.C. 2000 Srl,,,,+393383990498,cellulare,,,,https://www.itc2000.it/contatti-itc-2000/
System Engineering & Information Technology Srl,,,,+390522273850,fisso,,,,https://seit.it
Bastelli Hts Srl,,,,+390516012628,fisso,,,,https://bastellihts.it
"Ricci Franco & Figli Snc Di Ricci Lorenzo, Roberto E Riccard",,,,+390575592555,fisso,,,,https://www.ingrossoprodottiortofrutticoli-riccifranco.com/
Moratti Catellani Srl,,,,+390522941011,fisso,,,,https://moratticatellani.it
