nome_azienda,nome_decisore,ruolo_decisore,email,telefono,tipo_numero,citta,settore,website,angolo_pitch
Active Technologies Srl,,titolare,,+3905321772145,fisso,,Filippo - ESG,activetechnologies.it,
Agmax Srl,,titolare,,+390516053525,fisso,,Filippo - ESG,agmax.it,
La Micropallinatura Srl,,titolare,,+390522477058,fisso,,Filippo - ESG,micro-pallinatura.it,
Metalrubber Technologies Srl,,titolare,,+390516814242,fisso,,Filippo - ESG,metalrubber.it,
I Tre Moschettieri Srl,,titolare,,+390533380376,fisso,,Filippo - ESG,tremoschettieri.com,
Ruggeri Grafiche Srl,,titolare,,+39059824545,fisso,,Filippo - ESG,ruggerigrafiche.it,
Mazzini Service Srl,,titolare,,+393483614515,cellulare,,Filippo - ESG,mazziniservice.it,
Check Up Service Srl,,titolare,,+390522369011,fisso,,Filippo - ESG,checkupservice.it,
Consorzio Mecotek,,titolare,,+39059467982,fisso,,Filippo - ESG,mecotek.it,
Omega Servizi Integrati Srl,,titolare,,+393398298574,cellulare,,Filippo - ESG,omega-servizi.it,
World Jet Srl,,titolare,,+390536800228,fisso,,Filippo - ESG,worldjet.it,
Aerologistik Srl,,titolare,,+390458265135,fisso,,Filippo - ESG,aerologistik.it,
Sirio Macchine Agricole Srl,,titolare,,+390522862349,fisso,,Filippo - ESG,sirio.re,
Olio Sb Srl,,titolare,,+390510216958,fisso,,Filippo - ESG,oliosb.it,
Planeta Srl,,titolare,,+3905221722210,fisso,,Filippo - ESG,planeta.srl,
Okay Cars Srl,,titolare,,+390522889888,fisso,,Filippo - ESG,okaycars.it,
Effetre Srl,,titolare,,+390575680613,fisso,,Filippo - ESG,toscobosco.it,
Real Pasta Srl,,titolare,,+390522327821,fisso,,Filippo - ESG,realpasta.it,
Numismatica Terziani Srl,,titolare,,+39051264010,fisso,,Filippo - ESG,nummus.it,
Nautica Del Delta Srl,,titolare,,+390533713590,fisso,,Filippo - ESG,nauticadeldelta.it,
Artil Snc Di Nannini Giorgio & C,,titolare,,+390516647609,fisso,,Filippo - ESG,artil.it,
Gn Med Srl,,titolare,,+390542641837,fisso,,Filippo - ESG,gnmed.it,
Annovi Aldo & C. Srl,,titolare,,+39059558275,fisso,,Filippo - ESG,annovialdo.it,
Max Srl,,titolare,,+393283035437,cellulare,,Filippo - ESG,hotel-fiera.com,
Reco Tech Srl,,titolare,,+3905221750918,fisso,,Filippo - ESG,reco-tech.it,
Radio Bruno Soc Coop,,titolare,,+39059698555,fisso,,Filippo - ESG,multiradiosrl.it,
Tecno System Srl,,titolare,,+390532858883,fisso,,Filippo - ESG,tecnosystemfe.it,
Gazzotti 18 Societa' Cooperativa,,titolare,,+390516329611,fisso,,Filippo - ESG,gazzotti18.it,
Azienda Speciale Consortile Appennino Reggiano,,titolare,,+390522611876,fisso,,Filippo - ESG,teatrobismantova.it,
Medil Srl,,titolare,,+39051479285,fisso,,Filippo - ESG,medilcostruzioni.it,
Tamarri Srl,,titolare,,+390514380255,fisso,,Filippo - ESG,tamarri.it,
Welding Group Srl,,titolare,,+390575320701,fisso,,Filippo - ESG,weldinggroup.it,
Suncover Italia Srl,,titolare,,+390516650069,fisso,,Filippo - ESG,suncover.com,
Guen Srl,,titolare,,+39059283404,fisso,,Filippo - ESG,guen.it,
Marmiroli Srl,,titolare,,+390522954342,fisso,,Filippo - ESG,marmirolisrl.com,
Ats Consulenti Associati Srl,,titolare,,+390522701079,fisso,,Filippo - ESG,atseco.it,
Tenuta Di Arceno Srl Societa' Agricola,,titolare,,+390577359346,fisso,,Filippo - ESG,tenutadiarceno.com,
Gruppo Meca Srl,,titolare,,+390522964155,fisso,,Filippo - ESG,gruppomeca.it,
Bll Trasporti Srl,,titolare,,+39022131881,fisso,,Filippo - ESG,blltrasporti.it,
Caffe' River Spa,,titolare,,+390575299867,fisso,,Filippo - ESG,cafferiver.com,
Gestione Grandi Hotels Central Park Spa,,titolare,,+39059225858,fisso,,Filippo - ESG,centralparkmodena.com,
Tecnoforme Spa,,titolare,,+39059819033,fisso,,Filippo - ESG,tecnoforme.it,
Autoservizi Fontana Srl,,titolare,,+390522879145,fisso,,Filippo - ESG,fontanaviaggi.com,
Cons.A.R.S.Consorzio Autoriparatori Siena Soc Coop,,titolare,,+390577280466,fisso,,Filippo - ESG,consars.it,
Allitaly Srl,,titolare,,+393404953252,cellulare,,Filippo - ESG,klaasitalia.it,
Attilio Gori Srl,,titolare,,+390575678266,fisso,,Filippo - ESG,attiliogori.it,
Sassuolauto Service Srl,,titolare,,+390536990211,fisso,,Filippo - ESG,sassuolauto-service.bmw.it,
Additiva Srl,,titolare,,+390598677847,fisso,,Filippo - ESG,additivalab.com,
E.G. Srl,,titolare,,+390536928064,fisso,,Filippo - ESG,egautomazioni.it,
Bm Tractors Srl,,titolare,,+39059987232,fisso,,Filippo - ESG,bmtractors.com,
A.P. Distribuzione Srl,,titolare,,+39059640510,fisso,,Filippo - ESG,apdistribuzione.it,
A.T.A.M. Spa Azienda Trasporti Automobilistici Municipali,,titolare,,+390575984534,fisso,,Filippo - ESG,atamarezzo.it,
Fiabilandia Srl,,titolare,,+390541372064,fisso,,Filippo - ESG,fiabilandia.it,
Gi.Gi.Esse Srl,,titolare,,+390522667040,fisso,,Filippo - ESG,gigiessesrl.it,
Bertani E C. Srl,,titolare,,+390522577745,fisso,,Filippo - ESG,bertanigrafica.it,
Link Srl,,titolare,,+39051826180,fisso,,Filippo - ESG,linksrlimpianti.it,
Gamma Insonorizzazioni Srl,,titolare,,+390522606554,fisso,,Filippo - ESG,gammains.it,
Leonardi Benne Srl,,titolare,,+39059922127,fisso,,Filippo - ESG,leonardibenne.com,
Quadricroma Srl,,titolare,,+39051530120,fisso,,Filippo - ESG,quadricroma.com,
Etiprint Srl,,titolare,,+390532858080,fisso,,Filippo - ESG,etiprint.it,
Dieffe Di Franceschini & C. Srl,,titolare,,+390522930117,fisso,,Filippo - ESG,dieffesrl.com,
Burnelli E Parmeggiani Srl,,titolare,,+390516256268,fisso,,Filippo - ESG,burnelliparmeggiani.it,
Il Trovatore Srl,,titolare,,+390542640591,fisso,,Filippo - ESG,iltrovatoretipici.it,
Rm Servizi Soc Coop,,titolare,,+393514555695,cellulare,,Filippo - ESG,bertinoromusica.it,
Italcolven Srl,,titolare,,+390574870516,fisso,,Filippo - ESG,italcolven.com,
Dell'Erba Srl,,titolare,,+39059548432,fisso,,Filippo - ESG,dellerba.com,
Rev Srl,,titolare,,+39059858296,fisso,,Filippo - ESG,revtool.eu,
Panconi Catering Srl,,titolare,,+393493865064,cellulare,,Filippo - ESG,panconicatering.it,
Centrotex Srl,,titolare,,+390583051712,fisso,,Filippo - ESG,centrotex-lucca.it,
Montalcino Salumi Srl,,titolare,,+390564996922,fisso,,Filippo - ESG,montalcinosalumi.it,
Orologeria Fassorra Srl,,titolare,,+390587292846,fisso,,Filippo - ESG,fassorra.it,
Dalpasso Srl,,titolare,,+390522453999,fisso,,Filippo - ESG,dalpasso.it,
Coop Sociale Abbracci Soc Coop Onlus,,titolare,,+393460834887,cellulare,,Filippo - ESG,coopabbracci.it,
Sc.A.T. Packaging Srl,,titolare,,+390577685386,fisso,,Filippo - ESG,scat-packaging.it,
Riparia Spa,,titolare,,+390584617571,fisso,,Filippo - ESG,grandhotelriviera.it,
Faenza Caravan Srl,,titolare,,+390546620275,fisso,,Filippo - ESG,faenzacaravan.it,
C.E.G. Srl,,titolare,,+390522692270,fisso,,Filippo - ESG,ceg.re.it,
Azienda Servizi Turistici Integrati Srl,,titolare,,+39050598888,fisso,,Filippo - ESG,astisrl.com,
Mpc Srl,,titolare,,+390547322091,fisso,,Filippo - ESG,mpcmeccanica.it,
Bp Capital Management Srl,,titolare,,+390544965227,fisso,,Filippo - ESG,fbpporte.com,
S.T.B. Progetto Innovazione Srl,,titolare,,+390522864359,fisso,,Filippo - ESG,stbprogettoinnovazione.it,
Falco Servizi Srl,,titolare,,+393283126397,cellulare,,Filippo - ESG,falcoservizi.net,
M.A.M. Eredi Malaguti Cav. Aurelio Di Malaguti Vanni & C. Sr,,titolare,,+39059330219,fisso,,Filippo - ESG,mamforni.it,
Tera Seeds Srl Consortile,,titolare,,+390514683162,fisso,,Filippo - ESG,janus.it,
Aerautodromo Modena Spa,,titolare,,+39059388711,fisso,,Filippo - ESG,autodromodimodena.it,
Elfer Srl,,titolare,,+390522908733,fisso,,Filippo - ESG,elfer.it,
Istituto Medical Srl,,titolare,,+3905651975620,fisso,,Filippo - ESG,medicalgroup-diagnostica.it,
Litografia Castello Srl,,titolare,,+390521844054,fisso,,Filippo - ESG,litografiacastello.it,
Vip Srl,,titolare,,+390541600100,fisso,,Filippo - ESG,shuttleitalyairport.it,
Naregno Srl,,titolare,,+390565966111,fisso,,Filippo - ESG,acacie.it,
F.P.E. Fusco Packing Engineering Srl,,titolare,,+390543466311,fisso,,Filippo - ESG,fpeitalia.com,
Fusi Modesto Di Guidotti Franceschina E C. Snc,,titolare,,+390577373066,fisso,,Filippo - ESG,fusimodesto.it,
Nuova Mondial Mec Srl,,titolare,,+390541759688,fisso,,Filippo - ESG,nuovamondialmec.com,
Mvm Consulting Srl Semplificata,,titolare,,+390558635777,fisso,,Filippo - ESG,mvmconsulting.net,
Faber Infissi Srl,,titolare,,+393315646286,cellulare,,Filippo - ESG,faberinfissi.it,
Accademia Acrobatica Srl,,titolare,,+393802982176,cellulare,,Filippo - ESG,villaggioaccademia.it,
B.T.V. Truck Srl,,titolare,,+393387192362,cellulare,,Filippo - ESG,btvtruck.org,
Tuttosicurezza Srl,,titolare,,+390575561937,fisso,,Filippo - ESG,tuttosicurezza.com,
Pantani E Conti Srl,,titolare,,+390587609249,fisso,,Filippo - ESG,pantanieconti.com,
Kedos Srl,,titolare,,+390236741057,fisso,,Filippo - ESG,kedos-srl.it,
Toscano Forme Srl,,titolare,,+39050701719,fisso,,Filippo - ESG,toscanoforme.com,
S.T.I.M.A. Srl,,titolare,,+390574718898,fisso,,Filippo - ESG,stimasrl.com,
Adriajet Srl,,titolare,,+390547680180,fisso,,Filippo - ESG,adriajet.it,
Nuova Butos Ho.Re.Ca. Soc Coop,,titolare,,+390543746411,fisso,,Filippo - ESG,butos.it,
Marella Srl,,titolare,,+390521697336,fisso,,Filippo - ESG,marellagroup.it,
Igm Srl,,titolare,,+390294752794,fisso,,Filippo - ESG,waterjetworld.com,
Officina Meccanica Fabbricese Srl,,titolare,,+390522660421,fisso,,Filippo - ESG,fabbricese.it,
Termika Srl,,titolare,,+390541950487,fisso,,Filippo - ESG,termikasrl.it,
Landi Srl,,titolare,,+390558969246,fisso,,Filippo - ESG,galvanicalandi.com,
Scaviter Srl,,titolare,,+390571297387,fisso,,Filippo - ESG,scaviter.it,
Sismic Sistemi Srl,,titolare,,+39055333686,fisso,,Filippo - ESG,sismic.it,
Soc Coop Sociale Geos Onlus,,titolare,,+390571993654,fisso,,Filippo - ESG,coopgeos.it,
Soffici Sergio Srl,,titolare,,+39055374629,fisso,,Filippo - ESG,sofficisergio.com,
Stadium Srl,,titolare,,+39055720150,fisso,,Filippo - ESG,stadiumflorence.it,
Tec.Service Srl,,titolare,,+390558259423,fisso,,Filippo - ESG,tec-service.it,
Techno System Srl In Forma Abbre Viata Techno System Srl,,titolare,,+390571667229,fisso,,Filippo - ESG,techno-system.it,
Tecnolibri Distribuzione Srl,,titolare,,+390558826698,fisso,,Filippo - ESG,tecnolibri.it,
Tirrena Srl,,titolare,,+3905711732950,fisso,,Filippo - ESG,tirrena.net,
Truck Point Srl,,titolare,,+390550467902,fisso,,Filippo - ESG,truckpointsrl.it,
Valfim Srl,,titolare,,+390584787131,fisso,,Filippo - ESG,stmauritiushotel.com,
Valiani Srl,,titolare,,+390571666598,fisso,,Filippo - ESG,valiani.com,
Viriplast Srl,,titolare,,+390558873339,fisso,,Filippo - ESG,viriplast.com,
Witapp Srl,,titolare,,+390550197553,fisso,,Filippo - ESG,witapp.it,
Www Tuscanfarm.Com Srl,,titolare,,+393338503846,cellulare,,Filippo - ESG,tuscanfarm.com,
Audiocostruzioni Srl,,titolare,,+39059685054,fisso,,Filippo - ESG,audiocostruzioni.com,
Athena Srl,,titolare,,+390577286313,fisso,,Filippo - ESG,athenatubi.it,
Voltoncino Srl,,titolare,,+390564871588,fisso,,Filippo - ESG,campingvillageoasi.it,
Agenzia Viaggi Nuova Era Srl,,titolare,,+39051467880,fisso,,Filippo - ESG,viagginuovaera.it,
Jendy Joss Building Srl,,titolare,,+39051803956,fisso,,Filippo - ESG,jendyjoss.com,
Metalaser Srl,,titolare,,+39059557033,fisso,,Filippo - ESG,metalaser.it,
Valdichiana Carni Srl Di Bigi M. & C.,,titolare,,+390577679101,fisso,,Filippo - ESG,valdichianacarni.com,
T.L.L. Srl,,titolare,,+390575383438,fisso,,Filippo - ESG,tllsrl.it,
Sofin Srl,,titolare,,+393486487219,cellulare,,Filippo - ESG,carcover.it,
Medi Nova Sas Di Melli Paola E C.,,titolare,,+390522920161,fisso,,Filippo - ESG,medi-nova.it,
Caroceli Preziosi Srl,,titolare,,+39059223536,fisso,,Filippo - ESG,carocelipreziosi.it,
Martelli Marmi Srl,,titolare,,+39051711765,fisso,,Filippo - ESG,martellimarmi.it,
Idrocorp Sas Di Idh Srl,,titolare,,+39059692819,fisso,,Filippo - ESG,idrogrow.com,
Elfi Systems Srl,,titolare,,+390522448411,fisso,,Filippo - ESG,elfisystems.it,
Masini Costruzioni Srl,,titolare,,+390577978059,fisso,,Filippo - ESG,masinicostruzionisrl.it,
Aper Srl,,titolare,,+39051832852,fisso,,Filippo - ESG,apersrl.com,
Athena Srl,,titolare,,+390583359343,fisso,,Filippo - ESG,athenatubi.it,
P.M. Semilavorati Srl,,titolare,,+390584777273,fisso,,Filippo - ESG,pmsemilavorati.it,
Norcineria Toscana Srl,,titolare,,+390575844419,fisso,,Filippo - ESG,norcineriatoscana.it,
Finturist Spa,,titolare,,+39059851505,fisso,,Filippo - ESG,modenadistrict.it,
Artecology Srl,,titolare,,+390575810297,fisso,,Filippo - ESG,artecology.it,
Rcg Treccificio Srl,,titolare,,+390587707090,fisso,,Filippo - ESG,treccificiorcg.it,
F.Lli Amaducci Srl,,titolare,,+390543448683,fisso,,Filippo - ESG,amaduccinet.it,
Emil Laminati Reggio Srl,,titolare,,+390522915126,fisso,,Filippo - ESG,emil-laminati.it,
Art Alluminio Srl,,titolare,,+390543796573,fisso,,Filippo - ESG,artalluminio.com,
Antolini Arredamenti Srl,,titolare,,+390541621404,fisso,,Filippo - ESG,antoliniarredamenti.it,
Oleificio F.Lli Capini Srl,,titolare,,+390583979021,fisso,,Filippo - ESG,oleificiocapini.it,
Home Immobili Srl,,titolare,,+390593971701,fisso,,Filippo - ESG,homeimmobili.it,
Guareschi Claudio & C. Srl,,titolare,,+390521774149,fisso,,Filippo - ESG,guareschimoto.it,
Plasfor Srl,,titolare,,+390543782650,fisso,,Filippo - ESG,plasfor.it,
Tlf Srl,,titolare,,+390575531400,fisso,,Filippo - ESG,tlf.it,
Milosped Srl,,titolare,,+390521291399,fisso,,Filippo - ESG,milosped.it,
A.C.M. Srl,,titolare,,+390522661284,fisso,,Filippo - ESG,acmitaly.it,
C.M. Gronde Srl,,titolare,,+39059819190,fisso,,Filippo - ESG,cmgronde.it,
Neptune Srl,,titolare,,+390544451780,fisso,,Filippo - ESG,neptune.it,
Ensi Srl,,titolare,,+393245491203,cellulare,,Filippo - ESG,gianno.it,
Premiato Stabilimento Tipografico Dei Comuni Soc Coop,,titolare,,+390543973016,fisso,,Filippo - ESG,stctipografico.it,
Great Estate Immobiliare Srl,,titolare,,+393511667107,cellulare,,Filippo - ESG,greatestate.it,
Brunetti Costruzioni Srl,,titolare,,+390574592078,fisso,,Filippo - ESG,brunetticostruzioni.it,
M.D.A. Service Srl,,titolare,,+39059921311,fisso,,Filippo - ESG,mdaservice.it,
Lanificio Cipriani Srl,,titolare,,+390558705345,fisso,,Filippo - ESG,lanificiocipriani.it,
Croce Verde Novafeltria Soc Coop Sociale,,titolare,,+390541922121,fisso,,Filippo - ESG,croceverdenovafeltria.it,
Mekoil Oleodinamica Srl,,titolare,,+390597114588,fisso,,Filippo - ESG,mekoil.it,
Suolificio Maya Srl,,titolare,,+390587707185,fisso,,Filippo - ESG,suolificio.com,
Autofficina Touring Di Quaranta Stefano E C.-Snc,,titolare,,+390572766400,fisso,,Filippo - ESG,touringsnc.it,
Italian Taste Lodovichi Srl,,titolare,,+390575849099,fisso,,Filippo - ESG,italiantastelodovichi.it,
Centro Mac Srl,,titolare,,+390574623111,fisso,,Filippo - ESG,centromac.it,
Balmont Srl,,titolare,,+390577938257,fisso,,Filippo - ESG,balmont.it,
Prosciuttificio Borgo Antico Srl,,titolare,,+39059534711,fisso,,Filippo - ESG,alcaruno.it,
Key Sport Engineering Srl,,titolare,,+390541675653,fisso,,Filippo - ESG,keysport.it,
Manghi Bruno Srl,,titolare,,+390521980883,fisso,,Filippo - ESG,manghibruno.it,
Ermini Adone Srl,,titolare,,+390558662057,fisso,,Filippo - ESG,erminiadone.com,
Faroldi Srl,,titolare,,+393355215065,cellulare,,Filippo - ESG,faroldi.it,
Essential Srl,,titolare,,+393396550436,cellulare,,Filippo - ESG,essential-flavours.it,
Bartoli & C. Srl,,titolare,,+390522693613,fisso,,Filippo - ESG,bighet.it,
New Day Srl Semplificata,,titolare,,+393397000878,cellulare,,Filippo - ESG,hotelcaesar.net,
Dusy Group Srl,,titolare,,+390583929490,fisso,,Filippo - ESG,dusy.it,
Errecars Srl,,titolare,,+393317522241,cellulare,,Filippo - ESG,erre-cars.it,
F.I.P. Forniture Industriali Parmensi Srl,,titolare,,+390354192777,fisso,,Filippo - ESG,pneumaxspa.com,
Selene Srl,,titolare,,+39055211062,fisso,,Filippo - ESG,globusurbanhotel.com,
Sicas Srl,,titolare,,+390257514340,fisso,,Filippo - ESG,sicas.net,
Sintesi Srl,,titolare,,+390558430571,fisso,,Filippo - ESG,sintesicom.it,
Siri Srl,,titolare,,+390558878398,fisso,,Filippo - ESG,siritreni.com,
Smartcae Srl,,titolare,,+390559751000,fisso,,Filippo - ESG,smartcae.com,
Societa' Agricola Querciabella Spa,,titolare,,+3905585927777,fisso,,Filippo - ESG,querciabella.com,
Tdm Srl Technologies Distribution & Management Sb,,titolare,,+3903621794873,fisso,,Filippo - ESG,tdm-srl.it,
Societa' Agricola Salvadonica Di Beatrice E Francesca Baccet,,titolare,,+393929859061,cellulare,,Filippo - ESG,salvadonica.com,
Societa Cooperativa Autocustodi Fiorentini S.C.A.F. Soc Coop,,titolare,,+39055363362,fisso,,Filippo - ESG,scaf.fi.it,
Societa' Italiana Costruzioni Strade Srl,,titolare,,+390558498115,fisso,,Filippo - ESG,silexmugello.it,
Stone Italia Srl,,titolare,,+39055755657,fisso,,Filippo - ESG,stoneinternational.it,
Studio Pivieri - Societa' A Responsabilita' Limitata,,titolare,,+390556275853,fisso,,Filippo - ESG,studiopivieri.it,
T.T.T. Srl,,titolare,,+390558071036,fisso,,Filippo - ESG,tttsrl.it,
Tecma Srl,,titolare,,+39055444241,fisso,,Filippo - ESG,tecma.biz,
Teknoenergy Srl,,titolare,,+3905711656861,fisso,,Filippo - ESG,teknoenergy.it,
Torrefazione Mokaflor Srl,,titolare,,+390557321718,fisso,,Filippo - ESG,mokaflor.it,
Toscoavicola Srl,,titolare,,+390558969151,fisso,,Filippo - ESG,toscoavicola.it,
Trattoria 4 Leoni Srl,,titolare,,+39055218562,fisso,,Filippo - ESG,4leoni.com,
Tvm Group Srl,,titolare,,+390558311360,fisso,,Filippo - ESG,tvmgroupsrl.it,
Unione Dei Comuni Circondario Dell'Empolese Valdelsa,,titolare,,+390571757201,fisso,,Filippo - ESG,empolese-valdelsa.it,
Vibert Italia Srl,,titolare,,+390571541658,fisso,,Filippo - ESG,vibertitalia.it,
White River Srl,,titolare,,+3905519982670,fisso,,Filippo - ESG,whiteriver.it,
Pennellificio Europe Galli Franco & Figli Srl,,titolare,,+390375791126,fisso,,Filippo - ESG,pennellificioeurope.it,
Yobel Srl,,titolare,,+390559154148,fisso,,Filippo - ESG,pelletteriayobel.it,
Pratomagno Prosciutti Srl Di Grati,,titolare,,+39055977962,fisso,,Filippo - ESG,pratomagnoprosciutti.it,
Consorzio Di Solidarieta' Sociale Di Modena Societa' Coopera,,titolare,,+39059345942,fisso,,Filippo - ESG,cssmo.it,
B.M. Di Cancellieri Massimo Bruno & C. Srl,,titolare,,+390541777107,fisso,,Filippo - ESG,bmcancellieri.it,
Negrini Srl,,titolare,,+39059923110,fisso,,Filippo - ESG,negrini.org,
Igma Spa,,titolare,,+390536980081,fisso,,Filippo - ESG,igmaspa.it,
Damco Srl,,titolare,,+390522652921,fisso,,Filippo - ESG,damco-srl.com,
Vezzani Forni Srl,,titolare,,+390522946036,fisso,,Filippo - ESG,vezzaniforni.it,
Tecnoquadri Srl,,titolare,,+390575511636,fisso,,Filippo - ESG,tecnoquadri-srl.it,
Eurofusioni Nironi Srl,,titolare,,+390522934095,fisso,,Filippo - ESG,eurofusioni.it,
Bergami Spa,,titolare,,+390542670012,fisso,,Filippo - ESG,bergami-spa.it,
Technoform Srl,,titolare,,+390522875748,fisso,,Filippo - ESG,technoformsrl.it,
Media Design Srl,,titolare,,+390522621160,fisso,,Filippo - ESG,mediadesignstudio.it,
Bertuccia Srl Sb,,titolare,,+393931122233,cellulare,,Filippo - ESG,ecovillaggiomontale.it,
Strambi Srl,,titolare,,+390577979471,fisso,,Filippo - ESG,strambisrl.it,
Automa By Magic Srl,,titolare,,+390542067335,fisso,,Filippo - ESG,automabymagic.it,
Remark Srl,,titolare,,+390592914811,fisso,,Filippo - ESG,remarksrl.it,
Calor Press Snc Di Grassi Giampaolo E Meteori Marina,,titolare,,+39051754888,fisso,,Filippo - ESG,calorpress.it,
Italeri Spa,,titolare,,+390513175211,fisso,,Filippo - ESG,italeri.com,
Messori Srl,,titolare,,+390522730053,fisso,,Filippo - ESG,messorisrl.it,
Graziosi Containers Srl,,titolare,,+39059760400,fisso,,Filippo - ESG,graziosicontainers.com,
Migliaccio Srl,,titolare,,+390298282130,fisso,,Filippo - ESG,gruppomigliaccio.com,
Pm Ristrutturazioni Srl,,titolare,,+393274229967,cellulare,,Filippo - ESG,pmristrutturazioni.it,
I.T.C. 2000 Srl,,titolare,,+393383990498,cellulare,,Filippo - ESG,itc2000.it,
System Engineering & Information Technology Srl,,titolare,,+390522273850,fisso,,Filippo - ESG,seit.it,
Sicel Srl,,titolare,,+390536843689,fisso,,Filippo - ESG,sicel-srl.it,
Bastelli Hts Srl,,titolare,,+390516012628,fisso,,Filippo - ESG,bastellihts.it,
Morani Srl,,titolare,,+390522600709,fisso,,Filippo - ESG,morani.it,
G.M.C. Srl,,titolare,,+390536921168,fisso,,Filippo - ESG,gmclev.it,
La Bottega Del Pesce Di Benetti Massimo & C. Sas,,titolare,,+390522648022,fisso,,Filippo - ESG,labottegadelpesce.it,
Centro Diagnostico Apuano Srl,,titolare,,+390585785967,fisso,,Filippo - ESG,centrodiagnosticoapuano.net,
Cablo-Motive Srl,,titolare,,+390559146027,fisso,,Filippo - ESG,cablo-motive.com,
Lcm Srl,,titolare,,+390577989234,fisso,,Filippo - ESG,lcmlamiere.it,
"Ricci Franco & Figli Snc Di Ricci Lorenzo, Roberto E Riccard",,titolare,,+390575592555,fisso,,Filippo - ESG,riccifrutta.com,
Cattini Srl,,titolare,,+390522695220,fisso,,Filippo - ESG,cattini.it,
Moratti Catellani Srl,,titolare,,+390522941011,fisso,,Filippo - ESG,moratticatellani.it,
La Fonderia C.L.M. Srl,,titolare,,+390577988104,fisso,,Filippo - ESG,clmsrl.it,
